track_id,frame_id,timestamp_ms,object_type,pixel_x,pixel_y,world_x,world_y,vx,vy,speed
1,1,98591526,person,347.5151062011719,478.99090576171875,-7.107422351837158,-8.288036346435547,0.0,0.0,0.0
1,2,98594260,person,348.1783847808838,479.8246154785156,-7.065484523773193,-8.200252532958984,0.015339366519372656,0.032108198052875826,0.03558416146852908
1,3,98594493,person,347.41532707214355,479.5950012207031,-7.092108249664307,-8.224404335021973,-0.11426491798761064,-0.10365580284544326,0.15427571729293235
1,4,98594726,person,346.6144599914551,479.6203308105469,-7.112173080444336,-8.221738815307617,-0.0861151535623575,0.011439998774057806,0.08687170566426594
1,5,98594860,person,347.3187885284424,479.6921691894531,-7.091739654541016,-8.214180946350098,0.15248825300985308,0.05640200714566814,0.16258491232601188
1,6,98594993,person,347.04309272766113,479.6456298828125,-7.100283145904541,-8.219077110290527,-0.06423677716936384,-0.03681326270999765,0.07403769210653319
1,7,98595126,person,346.7734146118164,479.8102722167969,-7.102413177490234,-8.201760292053223,-0.0160152750804012,0.13020164088199013,0.13118291170828478
1,8,98595360,person,339.99430656433105,479.9411315917969,-7.274636268615723,-8.188004493713379,-0.7359961159208901,0.058785462990785256,0.7383400390806917
1,9,98595493,person,340.5848331451416,479.9985046386719,-7.2575812339782715,-8.181975364685059,0.1282333431387306,0.04533179720541588,0.13601015451211126
1,10,98595626,person,342.40408515930176,479.97564697265625,-7.211009502410889,-8.184377670288086,0.3501633952434798,-0.018062448143062734,0.3506289426179223
1,11,98595860,person,340.57793045043945,479.9476013183594,-7.259281635284424,-8.187324523925781,-0.20629116612621862,-0.012593391614082532,0.20667520106210316
1,12,98595893,person,340.4627799987793,479.9458923339844,-7.262324810028076,-8.187503814697266,-0.09221741647431345,-0.005433053681344697,0.09237732391394195
1,13,98596026,person,341.35144805908203,479.7372741699219,-7.2454705238342285,-8.209437370300293,0.12672395634471922,-0.16491395190246122,0.2079797409454719
1,14,98596260,person,342.4325885772705,479.99395751953125,-7.209723472595215,-8.182453155517578,0.15276517623510116,0.11531715719108906,0.1914033589380705
1,15,98596493,person,343.1539306640625,479.95550537109375,-7.192131519317627,-8.186493873596191,0.07550194539737291,-0.01734213767645185,0.07746801596773273
1,16,98596626,person,344.00891304016113,479.98370361328125,-7.169084072113037,-8.183530807495117,0.17328907672623942,0.022278692489279838,0.17471532345980528
1,17,98596660,person,343.12656593322754,480.0,-7.1915178298950195,-8.181818008422852,-0.6598164053524241,0.05037644330193014,0.661736711095846
1,18,98596793,person,345.09426498413086,480.0,-7.140408515930176,-8.181818008422852,0.3842805561266447,0.0,0.3842805561266447
1,19,98596926,person,348.12953758239746,479.7393798828125,-7.069273471832275,-8.209216117858887,0.5348499556233112,-0.20600082282733198,0.5731499053788597
1,20,98597060,person,342.3456859588623,479.90423583984375,-7.21465539932251,-8.191882133483887,-1.0849397573898087,0.12935809235074627,1.0926242690063594
1,21,98597193,person,340.8275947570801,479.9087219238281,-7.253958225250244,-8.191411018371582,-0.29550996938146146,0.0035422188895089285,0.2955311985535427
1,22,98597326,person,342.2528591156006,479.76422119140625,-7.221242427825928,-8.206603050231934,0.24598343928057448,-0.11422580346128994,0.2712109632309824
1,23,98597460,person,343.5659885406494,479.78094482421875,-7.186623573303223,-8.20484447479248,0.25834966061720205,0.013123697309351678,0.25868277594786043
1,24,98597693,person,341.6399555206299,479.70733642578125,-7.238867282867432,-8.21258544921875,-0.2242219294601244,-0.03322306620716537,0.22666990488158478
1,25,98597826,person,343.96439933776855,479.7421875,-7.177424907684326,-8.2089204788208,0.4619727457376351,0.027556168405633224,0.4627938636386283
1,26,98597960,person,342.8945941925049,479.5546569824219,-7.2108154296875,-8.228649139404297,-0.24918300002368526,-0.1472288103245977,0.2894278668172785
1,27,98598093,person,342.63479232788086,479.4867248535156,-7.219595432281494,-8.235799789428711,-0.06601505709770031,-0.05376428589785009,0.08513862931547814
1,28,98598326,person,342.1897487640381,479.8114318847656,-7.221473693847656,-8.201639175415039,-0.008061208438463988,0.14661207731189646,0.14683352578753214
1,29,98598360,person,342.1654510498047,479.8481140136719,-7.221010684967041,-8.197782516479492,0.013617908253389245,0.11343114516314337,0.11424566564303361
1,30,98598493,person,348.8112487792969,479.99737548828125,-7.043941020965576,-8.182093620300293,1.331350857153871,0.11796162540751291,1.3365665153343957
1,31,98598726,person,343.7571029663086,479.7855529785156,-7.181519985198975,-8.204360008239746,-0.5904676576540705,-0.09556389673585032,0.5981509116392157
1,32,98598860,person,343.4383125305176,479.6293640136719,-7.194455623626709,-8.22078800201416,-0.09653461513234608,-0.12259696846577658,0.15604149639037945
1,33,98599093,person,342.81964683532715,479.8021240234375,-7.205385208129883,-8.202617645263672,-0.0469080879964542,0.0779843637360012,0.09100510813570868
1,34,98599126,person,343.1915092468262,479.75494384765625,-7.197128772735596,-8.207578659057617,0.25019501194809424,-0.15033375133167612,0.2918865889230974
1,35,98599260,person,341.3402099609375,479.9422912597656,-7.2396392822265625,-8.187882423400879,-0.31724260814154326,0.1469868332592409,0.3496398169145337
1,36,98599493,person,344.30724716186523,479.7790832519531,-7.167418003082275,-8.205039978027344,0.3099625714347086,-0.07363757350414096,0.3185895288957165
1,37,98599626,person,348.0028991699219,479.6939697265625,-7.073907375335693,-8.21399211883545,0.7030874266660303,-0.06730932938425165,0.7063019717925316
1,38,98599860,person,340.754207611084,479.8180847167969,-7.25857400894165,-8.200939178466797,-0.7891736478887053,0.05578179644723223,0.7911426264188062
1,39,98599993,person,341.1409149169922,480.0,-7.2430925369262695,-8.181818008422852,0.11640204522842751,0.1437681958191377,0.18498305398725257
1,40,98600226,person,340.5923557281494,479.7944641113281,-7.263485908508301,-8.203422546386719,-0.0875251999228809,-0.09272333890071754,0.12750795347129368
1,41,98600360,person,344.5071334838867,479.815185546875,-7.1611504554748535,-8.201244354248047,0.7636974106973676,0.016255165213969216,0.7638703852761916
1,42,98600493,person,341.9072265625,479.5890197753906,-7.235454559326172,-8.2250337600708,-0.5586774725663034,-0.17886771295303688,0.5866124590307665
1,43,98600626,person,348.6286506652832,479.46630859375,-7.064375877380371,-8.237948417663574,1.2863058792917352,-0.09710268866746945,1.2899657930530313
1,44,98600860,person,370.34404373168945,480.0,-6.484570026397705,-8.181818008422852,2.4778027819772053,0.239873543763772,2.4893866600774914
1,45,98600993,person,323.75474548339844,479.54931640625,-7.70850133895874,-8.229211807250977,-9.202491071887481,-0.3563443520911654,9.209387776906567
1,46,98601126,person,393.1815490722656,479.1247253417969,-5.915510177612305,-8.27392864227295,13.481136551476958,-0.3362168046764861,13.485328489114194
1,47,98601360,person,387.51749420166016,478.201416015625,-6.088613510131836,-8.371397972106934,-0.739757831280048,-0.4165355975811298,0.8489661671659412
1,48,98601493,person,384.03855895996094,478.7971496582031,-6.162532329559326,-8.308473587036133,-0.5557805971991747,0.473115677224066,0.7298839060140029
1,49,98601626,person,388.09861755371094,480.0,-6.023412227630615,-8.181818008422852,1.04601580397527,0.9522975835585056,1.4145740524332402
1,50,98601760,person,396.90071868896484,480.0,-5.79478645324707,-8.181818008422852,1.7061624953995889,0.0,1.7061624953995889
1,51,98602093,person,405.32019805908203,475.4764099121094,-5.699070453643799,-8.660895347595215,0.2874354342440585,-1.438670688205295,1.4671034312413587
1,52,98602226,person,411.5580291748047,474.3039245605469,-5.567625522613525,-8.78630542755127,0.988307752107319,-0.9429329320004112,1.3659702511864282
1,53,98602460,person,407.1734161376953,476.1004333496094,-5.633529186248779,-8.59435749053955,-0.28163958818484575,0.8202903291099092,0.8672929618440199
1,54,98602693,person,409.4030456542969,480.0,-5.470050811767578,-8.181818008422852,0.7016239248120222,1.7705557172390523,1.904506151136436
1,55,98602826,person,388.82694244384766,480.0,-6.004495143890381,-8.181818008422852,-4.0183784370135545,0.0,4.0183784370135545
1,56,98603060,person,392.30226135253906,480.0,-5.914227485656738,-8.181818008422852,0.3857592232206948,0.0,0.3857592232206948
1,57,98603193,person,366.1366653442383,480.0,-6.593852996826172,-8.181818008422852,-5.109966249394238,0.0,5.109966249394238
1,58,98603426,person,397.05127716064453,479.5912780761719,-5.802060127258301,-8.2247953414917,3.398252659089575,-0.1844520732568569,3.403254868848074
1,59,98603560,person,375.3072738647461,478.0361633300781,-6.411463737487793,-8.388875961303711,-4.547788136040986,-1.2244822374030724,4.709748791605639
1,60,98603793,person,393.45970153808594,477.22894287109375,-5.960748672485352,-8.474395751953125,1.9343994206113364,-0.3670377281090732,1.9689128503610676
1,63,98604293,person,400.4741973876953,478.03875732421875,-5.755476474761963,-8.388601303100586,0.41054439544677734,0.17158889770507812,0.44496005489077745
1,64,98604426,person,396.18304443359375,476.834228515625,-5.90059232711792,-8.516301155090332,-1.091096634255316,-0.9601492630807976,1.453402378103833
1,65,98604560,person,400.8047103881836,477.24139404296875,-5.768708229064941,-8.473074913024902,0.9842096869625262,0.3225838960106693,1.0357263527960927
1,66,98604693,person,367.2417526245117,479.4472961425781,-6.581017971038818,-8.239950180053711,-6.107592044916368,1.7528175411367775,6.354136441692331
1,67,98604926,person,366.7861633300781,480.0,-6.5769829750061035,-8.181818008422852,0.017317579539548683,0.24949429884489,0.2500945895400616
1,68,98605060,person,404.9292221069336,479.8594665527344,-5.590047359466553,-8.196588516235352,7.365191160742916,-0.11022767024253731,7.366015949858695
1,69,98605293,person,381.6007537841797,479.439453125,-6.207920074462891,-8.240776062011719,-2.651814227452094,-0.18964611921187632,2.6585869080113724
1,70,98605426,person,361.73645782470703,477.8439636230469,-6.770756244659424,-8.40921688079834,-4.231850903733332,-1.266472321703918,4.417297161508464
1,71,98605560,person,359.70970153808594,478.4550476074219,-6.805746078491211,-8.344592094421387,-0.26111816292378437,0.48227452520114267,0.5484263055932671
1,72,98605693,person,352.46036529541016,479.19952392578125,-6.972607612609863,-8.266046524047852,-1.254598000892123,0.5905681982972568,1.3866459319821263
2,73,98605926,person,423.1324920654297,468.3717346191406,-5.424011707305908,-9.428787231445312,0.0,0.0,0.0
2,74,98606160,person,452.3896179199219,476.4864807128906,-4.441378116607666,-8.553267478942871,4.199288849137787,3.741537403856587,5.62433364790451
1,74,98606160,person,350.31025314331055,478.4472351074219,-7.050774574279785,-8.345417976379395,-0.1673810742396614,-0.16996028336518837,0.23854333345368964
2,75,98606293,person,464.58404541015625,477.91778564453125,-4.087571620941162,-8.401402473449707,2.6601992155376233,1.1418421465651432,2.894902995614789
1,75,98606293,person,353.2169418334961,478.7650146484375,-6.9657111167907715,-8.311864852905273,0.6395748683384487,0.2522791238655721,0.6875323763638514
2,76,98606526,person,468.35882568359375,477.8040771484375,-3.9919357299804688,-8.413439750671387,0.41045446764246074,-0.051662133998625265,0.4136929369676835
1,76,98606526,person,349.70865631103516,478.6291809082031,-7.0610527992248535,-8.326202392578125,-0.40919177010335633,-0.06153450503369769,0.4137927017602657
2,77,98606660,person,469.99525451660156,477.8759460449219,-3.947526693344116,-8.405830383300781,0.33141072116681,0.05678632366123484,0.3362406172062852
1,78,98606893,person,354.2508964538574,478.85015869140625,-6.936295509338379,-8.302881240844727,0.3399381195816747,0.06354537257056796,0.34582645867523965
1,79,98607126,person,346.984676361084,478.78179931640625,-7.12743616104126,-8.31009292602539,-0.8203461446475573,-0.030951438543622586,0.8209298317067243
1,80,98607260,person,343.57422637939453,478.7562561035156,-7.216969966888428,-8.312788963317871,-0.668162730202746,-0.020119681287167675,0.6684655829637639
2,80,98607260,person,474.015625,478.7720642089844,-3.8211898803710938,-8.311120986938477,0.21056135495503744,0.1578489939371745,0.2631584866339663
1,81,98607393,person,333.919734954834,478.2373352050781,-7.4840216636657715,-8.367600440979004,-2.0079074945664943,-0.412116373391976,2.0497639893300037
2,81,98607393,person,473.9658660888672,478.1788635253906,-3.8367278575897217,-8.37378215789795,-0.11682689638066111,-0.47113662375543347,0.48540523479007375
1,82,98607626,person,340.214298248291,479.2372131347656,-7.289998531341553,-8.262075424194336,0.8327173061125268,0.45289706774535604,0.9479102625626781
2,82,98607626,person,474.38134765625,478.5043640136719,-3.818089485168457,-8.339383125305176,0.07999301468353925,0.147635333016195,0.16791388850528036
1,83,98607760,person,356.3559341430664,479.1346740722656,-6.873180866241455,-8.272880554199219,3.110579590299236,-0.08063529854390158,3.1116245658751036
2,83,98607760,person,475.74853515625,478.3131408691406,-3.787062883377075,-8.359586715698242,0.23154180441329728,-0.15077306263482393,0.27630440388681854
1,84,98607993,person,338.1521911621094,476.8946838378906,-7.41436243057251,-8.509879112243652,-2.322667658073196,-1.0171611933237492,2.535626538562613
1,85,98608126,person,357.31726455688477,479.18511962890625,-6.8466997146606445,-8.267563819885254,4.268140721141844,1.8219194914165295,4.640734408331582
2,85,98608126,person,453.67848205566406,476.06903076171875,-4.418182373046875,-8.597702026367188,-1.7243701903546442,-0.6505882805162441,1.8430186282641843
1,86,98608260,person,381.3246841430664,479.5255432128906,-6.212678909301758,-8.23171329498291,4.731498547454378,0.2675412306145056,4.739056532121306
1,87,98608493,person,352.3271179199219,479.7962341308594,-6.958526134490967,-8.20323657989502,-3.2010610523142016,0.12221766132141898,3.2033933597642643
1,88,98608626,person,328.6907730102539,479.6728515625,-7.576430320739746,-8.21621322631836,-4.645896137208867,-0.09756877010029957,4.646920548345017
1,89,98608760,person,322.83143615722656,479.4975280761719,-7.734094619750977,-8.234662055969238,-1.1765992463524662,-0.13767783321551422,1.1846269337965056
1,90,98608993,person,376.8678665161133,479.5992736816406,-6.326449394226074,-8.223954200744629,6.041395817703443,0.04595646019145654,6.041570608906097
1,91,98609126,person,382.27030181884766,479.68939208984375,-6.183501720428467,-8.214473724365234,1.0747945398316348,0.07128177728868068,1.0771556965570614
1,92,98609360,person,381.20850372314453,479.22637939453125,-6.2241106033325195,-8.263216972351074,-0.173542234632704,-0.20830447857196513,0.2711229665565991
1,93,98609493,person,379.70860290527344,479.458984375,-6.256564140319824,-8.238719940185547,-0.24401155629552396,0.18418821177088227,0.30572362839845896
1,94,98609726,person,378.0513458251953,479.3638610839844,-6.302338600158691,-8.248735427856445,-0.1964569091796875,-0.04298492562617355,0.20110450267342014
1,95,98609960,person,377.35364151000977,479.89532470703125,-6.3054585456848145,-8.192818641662598,-0.01333310053898738,0.2389606247600327,0.23933230403706038
1,96,98609993,person,378.5399932861328,479.3227844238281,-6.290792465209961,-8.253061294555664,0.4444266810561671,-1.8255349361535274,1.8788541396158625
1,97,98610226,person,378.01675033569336,479.3333740234375,-6.3040995597839355,-8.251946449279785,-0.05711199387971935,0.004784743673300026,0.05731207217451037
1,98,98610360,person,378.0503387451172,479.35955810546875,-6.302485466003418,-8.249188423156738,0.012045475974011776,0.020582284500349813,0.023847933384128595
1,99,98610593,person,376.60520935058594,479.8361511230469,-6.326574325561523,-8.199039459228516,-0.10338566333950844,0.2152316048421573,0.23877445237520856
1,100,98610726,person,377.8860092163086,479.3238525390625,-6.30776834487915,-8.252948760986328,0.14139835099528605,-0.4053330959234022,0.4292882624939053
1,101,98610860,person,378.3766059875488,479.2966613769531,-6.295778751373291,-8.255812644958496,0.08947457840193562,-0.02137226844901469,0.09199170635911084
1,102,98610993,person,376.89273834228516,479.3387451171875,-6.333176612854004,-8.25137996673584,-0.2811869284264127,0.03332840768914473,0.2831552073986533
1,103,98611126,person,375.6308364868164,479.3402099609375,-6.3659491539001465,-8.251226425170898,-0.24641008305370357,0.0011544478567023025,0.24641278737189543
1,104,98611260,person,373.4571990966797,479.2801208496094,-6.424182415008545,-8.25755500793457,-0.4345765754358092,-0.04722822957964085,0.4371353401256215
1,105,98611393,person,374.90364837646484,479.271728515625,-6.38680362701416,-8.258439064025879,0.2810435187547727,-0.006647038280515742,0.28112211323901026
1,106,98611626,person,374.88000106811523,479.9874267578125,-6.367109298706055,-8.18313980102539,0.08452501419787754,0.32317280257720293,0.3340436174375364
1,107,98611760,person,375.69072341918945,479.4388427734375,-6.361593723297119,-8.240839958190918,0.041161010514444374,-0.43059818780244286,0.4325610108705107
1,108,98611893,person,374.64531326293945,479.9615478515625,-6.373939037322998,-8.185858726501465,-0.09282190996901432,0.41339271946957235,0.42368555259855667
1,109,98612026,person,375.4228096008301,479.30035400390625,-6.3724894523620605,-8.255423545837402,0.010899135044642856,-0.5230437544055451,0.5231572996407194
1,110,98612160,person,374.7287826538086,479.24761962890625,-6.3920369148254395,-8.260978698730469,-0.14587658554760377,-0.04145636487362989,0.15165292084085585
1,111,98612293,person,375.0693054199219,479.2554931640625,-6.3829569816589355,-8.260149955749512,0.06827017418423989,0.006231150232759633,0.06855394894803417
1,112,98612426,person,374.9259338378906,479.28997802734375,-6.385705947875977,-8.256516456604004,-0.020668918925120416,0.02731954244742716,0.034257285488928854
1,113,98612660,person,373.0644416809082,479.9723815917969,-6.4146952629089355,-8.184720039367676,-0.12388596167931189,0.3068222958817441,0.3308891850020977
1,114,98612893,person,371.82085037231445,479.79644775390625,-6.452010154724121,-8.203214645385742,-0.16014975027976627,-0.07937599149384723,0.1787414068991928
1,115,98613026,person,371.4935836791992,479.731689453125,-6.462360382080078,-8.2100248336792,-0.0778212583154664,-0.05120442325907542,0.09315600467547484
1,116,98613160,person,371.16572189331055,479.33172607421875,-6.482301235198975,-8.252120018005371,-0.14881233670818272,-0.31414316661322295,0.34760759584096074
1,117,98613393,person,370.2831573486328,479.29681396484375,-6.506250858306885,-8.255796432495117,-0.10278808200819808,-0.015778602960283664,0.10399208678693936
1,118,98613526,person,370.2406234741211,479.30401611328125,-6.507150173187256,-8.255038261413574,-0.006761766017827772,0.005700534447691494,0.008844069915438695
1,119,98613560,person,368.6841583251953,479.29034423828125,-6.5480194091796875,-8.256478309631348,-1.2020363527185776,-0.04235435934627757,1.2027823099017605
1,120,98613793,person,369.1992645263672,479.2896423339844,-6.534643173217773,-8.256551742553711,0.05740873803396593,-0.00031516275692395387,0.057409603118432004
1,121,98613926,person,369.9735336303711,479.25921630859375,-6.515378475189209,-8.259757041931152,0.14484735359822895,-0.024099995319108315,0.1468385699289918
1,122,98614060,person,371.3101005554199,479.29248046875,-6.479668140411377,-8.256253242492676,0.2664950356554629,0.026147757003556434,0.2677747359728387
1,123,98614193,person,370.523624420166,479.2767639160156,-6.500570774078369,-8.257908821105957,-0.15716265915031719,-0.012447959498355263,0.15765485443484278
1,124,98614426,person,370.27852630615234,479.23748779296875,-6.508068561553955,-8.262046813964844,-0.032179345388780846,-0.017759626003805658,0.036754789966009886
1,125,98614560,person,369.6923942565918,479.24566650390625,-6.523078918457031,-8.261184692382812,-0.11201758882892665,0.00643374314948694,0.11220219809772018
1,126,98614693,person,370.1657180786133,479.26446533203125,-6.510230541229248,-8.259203910827637,0.09660434005852032,0.014893094399817904,0.09774560235091971
1,127,98614826,person,369.69611740112305,479.3869934082031,-6.51893424987793,-8.246299743652344,-0.06544141841114015,0.09702381334806742,0.11703076347808102
1,128,98614860,person,369.66319274902344,479.4559326171875,-6.517816066741943,-8.239041328430176,0.03288773929371553,0.21348280065199907,0.21600117955713244
1,129,98614993,person,369.3237953186035,479.2974548339844,-6.5311808586120605,-8.255729675292969,-0.10048715691817434,-0.12547629220145087,0.16075437353341798
1,130,98615126,person,367.7764129638672,479.4925231933594,-6.565818786621094,-8.235189437866211,-0.26043554894009924,0.1544378753891565,0.302783309491206
1,131,98615260,person,369.8992462158203,479.74383544921875,-6.503444194793701,-8.208746910095215,0.46548202856263116,0.1973322967984783,0.5055823911832223
1,132,98615493,person,369.90453720092773,480.0,-6.495985984802246,-8.181818008422852,0.03200948494186728,0.11557468528911279,0.11992545603799509
1,133,98615726,person,371.7506332397461,479.939453125,-6.4497599601745605,-8.188180923461914,0.19839495548362895,-0.02730864823631974,0.2002656251827711
1,134,98615960,person,368.1235542297363,479.9384765625,-6.544007778167725,-8.188283920288086,-0.40276845296223956,-0.00044015737680288457,0.40276869347072164
1,135,98616193,person,368.8931999206543,479.9756774902344,-6.522950649261475,-8.18437385559082,0.09037394380364806,0.016781393550496244,0.09191879507544458
1,136,98616326,person,368.6467971801758,480.0,-6.528655052185059,-8.181818008422852,-0.04289024754574424,0.019216895999765036,0.046998536428286844
1,137,98616560,person,368.7170867919922,479.9829406738281,-6.527316570281982,-8.183610916137695,0.005720008132804153,-0.007661998781383546,0.009561627391049527
1,138,98616793,person,368.3320541381836,480.0,-6.536829471588135,-8.181818008422852,-0.0408279026015122,0.007694882896325107,0.04154670689268553
1,139,98617026,person,369.3822326660156,479.9668273925781,-6.510500907897949,-8.185303688049316,0.11299812742568903,-0.014959998396844821,0.11398411447980747
1,140,98617160,person,370.17819595336914,480.0,-6.48887825012207,-8.181818008422852,0.1613631177304396,0.026012534525857042,0.16344634506818015
1,141,98617393,person,369.8899345397949,479.9643859863281,-6.497383117675781,-8.18556022644043,-0.036501577483737925,-0.016061021534670063,0.0398788361357056
1,142,98617526,person,371.51200103759766,479.9298400878906,-6.456233024597168,-8.189190864562988,0.3093991960797991,-0.027298030996681155,0.3106011027525848
1,143,98617660,person,360.51734161376953,479.7972412109375,-6.7456889152526855,-8.203130722045898,-2.1601185869814743,-0.10402878718589668,2.1626220886660272
1,144,98617893,person,357.47349548339844,479.46832275390625,-6.8343682289123535,-8.237736701965332,-0.3805979127024376,-0.14852351896752614,0.40855110676627643
1,145,98618126,person,350.42641830444336,479.7923278808594,-7.008027076721191,-8.20364761352539,-0.7453169433855703,0.1463051006006069,0.7595409986033427
1,146,98618260,person,349.7938423156738,479.74859619140625,-7.025753498077393,-8.208246231079102,-0.1322867265388147,-0.03431804144560401,0.13666567230660864
1,147,98618393,person,353.9439582824707,479.5782165527344,-6.922905921936035,-8.226170539855957,0.7732900461756197,-0.13476923892372533,0.784946012968008
1,148,98618526,person,353.9609031677246,479.4266662597656,-6.926910877227783,-8.242121696472168,-0.03011244580261689,-0.11993350839256343,0.12365599794415402
1,149,98618660,person,353.4349594116211,479.41351318359375,-6.940971851348877,-8.243507385253906,-0.10493264269472947,-0.010340961057748366,0.10544095493923426
1,150,98618793,person,355.6631507873535,479.39849853515625,-6.883477687835693,-8.245087623596191,0.4322869437081473,-0.011881491295377114,0.43245019543981367
1,151,98618926,person,353.31331634521484,479.3217468261719,-6.9468302726745605,-8.25317096710205,-0.47633522435238485,-0.06077701884104793,0.4801969304129733
1,152,98619060,person,352.4099006652832,479.37030029296875,-6.9688944816589355,-8.24805736541748,-0.1646582760027985,0.03816120660127099,0.16902255927975607
1,153,98619193,person,353.591121673584,479.3186950683594,-6.939695835113525,-8.25349235534668,0.21953869583015154,-0.04086458593382871,0.223309546034976
1,154,98619426,person,349.3207473754883,479.26416015625,-7.052358150482178,-8.259236335754395,-0.4835292505092375,-0.024652276427960702,0.4841572790231554
1,155,98619660,person,352.7714653015137,479.41400146484375,-6.958209037780762,-8.24345588684082,0.4023466354761368,0.06743781586997528,0.4079591573776473
1,156,98619793,person,349.95926666259766,479.1653747558594,-7.038670063018799,-8.269644737243652,-0.6049701145717076,-0.1969086496453536,0.6362089718245583
1,157,98619926,person,353.80844497680664,479.395263671875,-6.931797027587891,-8.245428085327148,0.8035566573752496,0.18208008959777372,0.8239274607876701
1,158,98620060,person,348.3416862487793,479.60076904296875,-7.067859649658203,-8.223796844482422,-1.0153927020172575,0.16142717048303404,1.028144479477503
1,159,98620193,person,349.2626647949219,479.64569091796875,-7.0425944328308105,-8.219070434570312,0.18996403629618477,0.035536916632401314,0.1932594306358074
1,160,98620426,person,354.2672882080078,479.5152587890625,-6.916347980499268,-8.232795715332031,0.5418302675173517,-0.05890678438505901,0.5450229793729002
1,161,98620560,person,348.35382080078125,479.56829833984375,-7.068504333496094,-8.227213859558105,-1.1354951716181056,0.04165564010392374,1.1362589832958412
1,162,98620693,person,348.8066101074219,479.72760009765625,-7.052027225494385,-8.210454940795898,0.12388803008803748,0.12600690798651903,0.17670875716675039
1,163,98620826,person,350.4709281921387,479.6287536621094,-7.011691570281982,-8.220852851867676,0.3032756031007695,-0.07817978249456649,0.31319030928020936
1,164,98621060,person,353.9685363769531,479.5231018066406,-6.92388391494751,-8.23197078704834,0.3752463903182592,-0.04751254350711138,0.3782423763110084
1,165,98621193,person,347.1770706176758,479.6131286621094,-7.097764015197754,-8.22249698638916,-1.3073691748138656,0.07123158390360666,1.3093082516347725
1,166,98621226,person,352.5508117675781,479.47125244140625,-6.9622626304626465,-8.237427711486816,4.106102567730527,-0.4524462150804924,4.130954596006097
1,167,98621460,person,348.00674057006836,479.6043395996094,-7.0764594078063965,-8.223421096801758,-0.4880204159989316,0.05985732771392561,0.4916775631578307
1,168,98621593,person,349.08953857421875,479.57159423828125,-7.049283027648926,-8.226866722106934,0.20433368539451655,-0.02590695718177279,0.20596947690695208
1,169,98621726,person,352.8253860473633,479.47821044921875,-6.954919815063477,-8.236695289611816,0.70949783898834,-0.07389900379611136,0.7133359981741999
1,170,98621860,person,352.2836456298828,479.47119140625,-6.969210624694824,-8.237434387207031,-0.10664783306975863,-0.005515653695633162,0.10679036817131615
1,171,98621993,person,353.17872619628906,479.4135437011719,-6.947633743286133,-8.24350357055664,0.16223219104279252,-0.04563295751585996,0.16852789271271806
1,172,98622126,person,352.68579864501953,479.4697570800781,-6.958797454833984,-8.23758602142334,-0.083937680810914,0.04449285062632166,0.09500077903244296
1,173,98622260,person,352.4804153442383,479.34326171875,-6.9678568840026855,-8.25090503692627,-0.06760768036344157,-0.09939563808156483,0.12020936450113487
1,174,98622493,person,353.49369049072266,479.3586730957031,-6.9410552978515625,-8.249281883239746,0.11502826674301736,0.006966324834864538,0.11523902043842443
1,175,98622626,person,350.04153060913086,479.2773742675781,-7.03322172164917,-8.257844924926758,-0.6929806300571987,-0.06438377208279487,0.695965102388102
1,176,98622860,person,349.42947006225586,479.2930908203125,-7.048675060272217,-8.256189346313477,-0.06603990864549947,0.0070751222789797,0.06641782056924504
1,177,98622993,person,347.8704414367676,479.5541687011719,-7.081486701965332,-8.228700637817383,-0.24670407288056567,0.20668201876762218,0.32183902258383645
1,178,98623026,person,354.2287826538086,479.3190002441406,-6.923104286193848,-8.253459930419922,4.7994671445904356,-0.7502815940163352,4.857757439634338
1,179,98623260,person,347.8991508483887,479.53271484375,-7.081376075744629,-8.230958938598633,-0.6763751690204326,0.09615808470636351,0.6831762192303059
1,180,98623393,person,351.1094741821289,479.2565002441406,-7.006063938140869,-8.260043144226074,0.5662566737124795,-0.21867823780031131,0.6070146556808748
1,181,98623526,person,348.64270782470703,479.39373779296875,-7.066157817840576,-8.245589256286621,-0.4518336819526844,0.10867584916882048,0.4647193952693214
1,182,98623660,person,343.68751525878906,479.5440368652344,-7.190520763397217,-8.229766845703125,-0.928081683258512,0.11807769092161263,0.9355629064329842
1,183,98623893,person,345.2778854370117,479.49530029296875,-7.150627613067627,-8.234896659851074,0.17121523746605083,-0.022016369733687632,0.17262496365475827
1,184,98624026,person,352.43655014038086,479.1173400878906,-6.975645542144775,-8.274706840515137,1.3156546685928687,-0.29932466664708646,1.3492747915282493
1,185,98624260,person,350.93883514404297,479.4415588378906,-7.005045413970947,-8.240553855895996,-0.1256404778896234,0.14595292572282317,0.19258189481720467
1,186,98624393,person,353.3042678833008,478.9270935058594,-6.9586687088012695,-8.29476547241211,0.34869703135096036,-0.4076061392188968,0.5364069205387896
1,187,98624526,person,350.2470054626465,479.1347961425781,-7.032088279724121,-8.272867202758789,-0.5520268490439967,0.16464864400992715,0.5760579988505943
1,188,98624660,person,344.075008392334,479.4246520996094,-7.184002876281738,-8.242334365844727,-1.1336910190866953,0.2278569918959888,1.1563624585369927
1,189,98624793,person,344.38134384155273,479.5003662109375,-7.173784255981445,-8.234363555908203,0.07683173158115014,0.05993090177837171,0.09744140785993777
1,190,98624926,person,343.6213188171387,479.4023742675781,-7.196463108062744,-8.24467945098877,-0.1705176848217957,-0.07756312090651434,0.1873294385881296
1,191,98625060,person,342.9353256225586,479.5282287597656,-7.210544586181641,-8.231431007385254,-0.1050856576037051,0.09886898211578823,0.14428468754034574
1,192,98625193,person,345.1788215637207,479.5001220703125,-7.153059482574463,-8.234389305114746,0.43221882411411827,-0.02224284007136983,0.43279077607203187
1,193,98625326,person,346.1442565917969,479.5546569824219,-7.126343250274658,-8.228649139404297,0.20087392706620064,0.04315914068006931,0.20545813685332423
1,194,98625460,person,345.7003517150879,479.5806884765625,-7.137109279632568,-8.225910186767578,-0.08034350267097132,0.020439945050139924,0.08290277302414627
1,195,98625593,person,349.4567985534668,479.16363525390625,-7.051791667938232,-8.269827842712402,0.6414858022130522,-0.33020793943476856,0.7214854937603935
1,196,98625726,person,349.00444412231445,479.2198181152344,-7.061895370483398,-8.263908386230469,-0.07596768830951892,0.044507191593485665,0.08804532793187528
1,197,98625760,person,343.94606018066406,479.5848693847656,-7.182584285736084,-8.225470542907715,-3.549673978020163,1.130524803610409,3.72535524236439
1,198,98625893,person,349.2185974121094,479.208740234375,-7.0566534996032715,-8.26507568359375,0.9468480160361842,-0.29778301267695606,0.9925703441623783
1,199,98626026,person,347.1498565673828,479.0150146484375,-7.116210460662842,-8.285493850708008,-0.4477966996960174,-0.15352005349066022,0.473381760403187
1,200,98626160,person,348.11427307128906,479.2354431152344,-7.084585666656494,-8.262261390686035,0.2360059254205049,0.17337656732815415,0.29284506301469876
1,201,98626393,person,345.1320343017578,479.6188049316406,-7.1507487297058105,-8.221899032592773,-0.2839616439884824,0.17322900469211036,0.3326296789573366
1,202,98626526,person,348.27965927124023,479.24102783203125,-7.080118656158447,-8.261673927307129,0.5310531845666412,-0.29905935875455236,0.6094702493945502
1,203,98626660,person,350.3251609802246,479.3832702636719,-7.0227203369140625,-8.246691703796387,0.4283456660028714,0.11180763813986706,0.4426973656233555
1,204,98626793,person,348.7183532714844,479.2590026855469,-7.068176746368408,-8.259779930114746,-0.3417775146943286,-0.0984077166793938,0.35566268886781455
1,205,98627026,person,343.5568962097168,479.6312561035156,-7.191317558288574,-8.220589637756348,-0.5285013387131589,0.1681986796497787,0.5546210065058209
1,206,98627160,person,340.52093505859375,479.73486328125,-7.267124176025391,-8.209691047668457,-0.5657210278866895,0.08133276184993003,0.5715376624014467
1,207,98627293,person,341.91709899902344,479.7663269042969,-7.229903697967529,-8.206381797790527,0.27985321848016037,0.024881578029546523,0.2809571440966483
1,208,98627526,person,343.9241180419922,479.7428894042969,-7.178449630737305,-8.208846092224121,0.22083290656748758,-0.010576370959629829,0.2210860290604551
1,209,98627660,person,344.6216278076172,479.7647705078125,-7.159674167633057,-8.20654582977295,0.14011539630035855,0.0171661376953125,0.14116302831754834
1,210,98627793,person,342.47694396972656,479.7745361328125,-7.215112686157227,-8.20551872253418,-0.41683096634714223,0.007722610817816024,0.4169024984618536
1,211,98627926,person,343.41880798339844,479.6839904785156,-7.193335056304932,-8.215041160583496,0.1637415778368039,-0.07159727856628877,0.17871058897162434
1,212,98628060,person,343.7347640991211,479.6754455566406,-7.185378551483154,-8.215940475463867,0.0593769016550548,-0.006711305077396221,0.05975498360803
1,213,98628293,person,342.32968521118164,479.6253662109375,-7.223389148712158,-8.221208572387695,-0.16313561042490946,-0.022609858042180794,0.16469496977562914
1,214,98628426,person,343.99842834472656,479.5824279785156,-7.181295871734619,-8.225727081298828,0.31649080434239896,-0.033973751211524905,0.31830904009261385
1,215,98628560,person,343.3567085266113,479.594970703125,-7.197601318359375,-8.224407196044922,-0.12168243749817804,0.009849889954524254,0.12208044858868371
1,216,98628793,person,345.8798141479492,479.25811767578125,-7.142025947570801,-8.259873390197754,0.23852090467199233,-0.15221542554863532,0.2829518647058149
1,217,98628926,person,348.0875358581543,479.17840576171875,-7.086970806121826,-8.268271446228027,0.4139484319471775,-0.06314327842310855,0.4187366450664967
1,218,98629060,person,344.7997589111328,479.3746337890625,-7.166647911071777,-8.247600555419922,-0.5946052608205311,0.15426037916496618,0.6142895740410795
1,219,98629193,person,342.3040962219238,479.5362243652344,-7.226714611053467,-8.230588912963867,-0.45162932317059734,0.12790708613574953,0.4693924458608914
1,220,98629426,person,341.00351333618164,479.67620849609375,-7.2563371658325195,-8.215860366821289,-0.12713542823627783,0.06321264438874731,0.14198329311380256
1,221,98629560,person,342.7128562927246,479.5706787109375,-7.215061187744141,-8.22696304321289,0.30802968722670826,-0.08285579396717584,0.31897863691306166
1,222,98629693,person,341.31673431396484,479.6765441894531,-7.248187065124512,-8.215825080871582,-0.24906674722083527,0.08374407775419995,0.26276855810783173
1,223,98629826,person,338.4850082397461,479.8495788574219,-7.316587924957275,-8.197628021240234,-0.5142921791937118,0.13681999722817786,0.5321805682485369
1,224,98629960,person,341.65958404541016,479.74407958984375,-7.237260341644287,-8.208721160888672,0.5919968903954349,-0.08278462424207089,0.5977571515663911
1,225,98630093,person,340.10218811035156,479.8192138671875,-7.275481700897217,-8.200820922851562,-0.2873786409994713,0.05940028599330357,0.29345336474266104
1,226,98630226,person,340.4838523864746,479.8229064941406,-7.265454292297363,-8.200431823730469,0.07539404962295876,0.0029255573014567667,0.07545078928727833
1,227,98630360,person,345.4361343383789,479.15576171875,-7.156610012054443,-8.270657539367676,0.8122707480814919,-0.5240725047552763,0.9666621738897906
1,228,98630493,person,342.4431037902832,479.66778564453125,-7.219175338745117,-8.21674633026123,-0.4704159901554423,0.40534743689056624,0.6209651748590067
1,229,98630626,person,342.90929412841797,479.762451171875,-7.204237937927246,-8.206789016723633,0.11231128434489543,0.07486701907968162,0.13497738750278643
1,230,98630760,person,340.7540855407715,479.7019348144531,-7.262050151824951,-8.213153839111328,-0.43143443207242593,-0.04749867453503964,0.4340412345160795
1,231,98630993,person,340.505558013916,479.6756591796875,-7.269294738769531,-8.215917587280273,-0.031092647830815785,-0.011861580124228808,0.03327836883284145
1,232,98631126,person,338.3936309814453,479.734130859375,-7.3224263191223145,-8.20976734161377,-0.3994855665622797,0.04624244862033012,0.40215305785980227
1,233,98631260,person,338.7175750732422,479.7364501953125,-7.313938140869141,-8.209524154663086,0.06334461382965544,0.0018148279901760726,0.06337060597676261
1,234,98631393,person,340.0539970397949,479.6451721191406,-7.281943321228027,-8.219124794006348,0.24056255369258106,-0.07218525822001291,0.25115941898202004
1,235,98631526,person,340.6851272583008,479.6122741699219,-7.266524314880371,-8.222586631774902,0.11593237855380638,-0.026028855402666824,0.11881842327987695
1,236,98631660,person,343.37549591064453,479.7618713378906,-7.192141532897949,-8.206850051879883,0.5550953879285214,0.11743716339566813,0.5673820380007958
1,237,98631793,person,341.0769577026367,479.7719421386719,-7.2515668869018555,-8.205791473388672,-0.4468071729617011,0.007959236776022087,0.44687805860221447
1,238,98631926,person,339.9734878540039,479.7150573730469,-7.281943321228027,-8.211773872375488,-0.22839424305392386,-0.044980443509897786,0.23278137932085968
1,239,98632160,person,343.6237907409668,479.6365661621094,-7.189420700073242,-8.220030784606934,0.39539581690079123,-0.03528594970703125,0.39696719041927275
1,240,98632193,person,341.5353469848633,479.7319030761719,-7.240852355957031,-8.210001945495605,-1.5585350267814866,0.30390421549479163,1.5878882838223456
1,241,98632326,person,341.66650772094727,479.7232971191406,-7.237700939178467,-8.210906982421875,0.02369486299672521,-0.0068047889193197835,0.02465262023944057
1,242,98632460,person,341.19155502319336,479.7606201171875,-7.248927593231201,-8.206981658935547,-0.08378100039354011,0.02929345885319496,0.0887545083842291
1,243,98632693,person,343.3229446411133,479.76739501953125,-7.193342208862305,-8.206269264221191,0.2385638814115729,0.003057488044444072,0.23858347333228455
1,244,98632826,person,347.54056549072266,479.4583740234375,-7.092899799346924,-8.238783836364746,0.755206086581811,-0.24447046724477206,0.7937896714905599
1,245,98632960,person,353.0465965270996,479.8610534667969,-6.937929630279541,-8.19642162322998,1.1564937990103195,0.3161359189161614,1.19892444565047
1,246,98633093,person,355.9956932067871,479.36138916015625,-6.875916481018066,-8.248995780944824,0.4662642801614632,-0.3952944189085996,0.6112773974021736
1,247,98633226,person,357.43008041381836,479.3501892089844,-6.838945388793945,-8.250175476074219,0.27797813702346685,-0.008869888190936325,0.2781196137987341
1,248,98633360,person,359.4280319213867,479.2138977050781,-6.790958881378174,-8.264532089233398,0.3581082642968021,-0.10713890417298273,0.3737917518419258
1,249,98633493,person,359.75986099243164,479.1361999511719,-6.784589767456055,-8.272719383239746,0.04788807460239955,-0.06155860155148613,0.07799185287002493
1,250,98633626,person,358.2381134033203,479.0993957519531,-6.825249195098877,-8.276598930358887,-0.30570998227685914,-0.029169527211583644,0.3070984444465078
1,251,98633760,person,356.03384017944336,479.2266845703125,-6.878865718841553,-8.263184547424316,-0.4001233115125058,0.10010733533261426,0.4124562316211627
1,252,98633993,person,354.97695541381836,479.3038330078125,-6.904092788696289,-8.255057334899902,-0.10827068607182973,0.03488074044812902,0.11375063743414561
1,253,98634126,person,357.7647933959961,479.1604919433594,-6.835777759552002,-8.270159721374512,0.5136468356713316,-0.11355177800458176,0.5260485510703111
1,254,98634260,person,356.55926513671875,479.2742614746094,-6.863809108734131,-8.258172035217285,-0.209189173000962,0.08946034445691464,0.22751541339253525
1,255,98634393,person,358.00133895874023,479.2044372558594,-6.828342437744141,-8.265528678894043,0.2666666991728589,-0.0553131103515625,0.2723429246823059
1,256,98634526,person,355.15252685546875,479.3131103515625,-6.899255275726318,-8.254079818725586,-0.5331792329487047,0.08608165540193256,0.540083461924642
1,257,98634760,person,356.8452796936035,479.34686279296875,-6.854249477386475,-8.25052547454834,0.1923324715377938,0.015189505030966211,0.19293133667427384
1,258,98634893,person,358.82458114624023,479.1996765136719,-6.807068824768066,-8.266030311584473,0.35474174901058797,-0.11657772207618655,0.37340604410689926
1,259,98635026,person,360.5503616333008,479.2670593261719,-6.760223388671875,-8.258931159973145,0.3522213240315143,0.05337707978442199,0.3562428578214945
1,260,98635160,person,361.8426208496094,480.0,-6.705386638641357,-8.181818008422852,0.4092294778396834,0.5754712802260669,0.7061416004584125
1,261,98635293,person,372.1264190673828,479.1624450683594,-6.462150573730469,-8.269953727722168,1.8288425933149524,-0.6626745811978677,1.94519994645505
1,262,98635426,person,370.8036651611328,478.7558898925781,-6.5081963539123535,-8.312827110290527,-0.3462088735480057,-0.32235625991247646,0.4730477168617761
1,263,98635660,person,312.42172622680664,478.3470153808594,-8.04068374633789,-8.356006622314453,-6.549091420621953,-0.18452782916207597,6.551690541791435
1,264,98635893,person,365.88693618774414,477.7461853027344,-6.665379524230957,-8.419569969177246,5.9025932279267534,-0.272804063788811,5.908894048092796
1,265,98636026,person,367.27354431152344,478.7228698730469,-6.601036071777344,-8.316311836242676,0.4837853567940848,0.7763769393576715,0.9147728807823094
1,266,98636160,person,361.19389724731445,479.1571044921875,-6.746678829193115,-8.270516395568848,-1.0868862493714289,0.3417570199539412,1.1393505078598467
1,267,98636293,person,371.50996017456055,479.1164855957031,-6.479498863220215,-8.274797439575195,2.0088719246082736,-0.03218830079960644,2.0091297857997414
1,268,98636426,person,358.66674041748047,479.2781066894531,-6.8088884353637695,-8.257767677307129,-2.476613324387629,0.12804332532380755,2.4799210978767694
1,269,98636560,person,359.5006446838379,479.5369873046875,-6.779670238494873,-8.230508804321289,0.21804624529027225,0.20342442526746152,0.298204060804984
1,270,98636693,person,359.5627021789551,479.2397766113281,-6.786703109741211,-8.261805534362793,-0.05287873117547286,-0.23531375971055568,0.24118193489530898
1,271,98636826,person,359.0876693725586,479.1094665527344,-6.802854061126709,-8.275537490844727,-0.12143572470299283,-0.10324779309724506,0.15939492467952857
1,272,98637060,person,357.3620948791504,479.15386962890625,-6.846446514129639,-8.270856857299805,-0.18629253420055422,0.020002707456931088,0.18736332780048562
1,273,98637193,person,358.1103057861328,479.1896057128906,-6.825941562652588,-8.267091751098633,0.15417256749662242,0.028309069181743418,0.15675006847346934
1,274,98637426,person,368.70095443725586,479.3559265136719,-6.545701026916504,-8.249570846557617,1.2027490804123775,0.07519701519749195,1.2050974821679081
1,275,98637460,person,361.06018447875977,479.4013366699219,-6.743066310882568,-8.244789123535156,-5.804861293119543,0.14063891242532167,5.806564727620425
1,276,98637693,person,375.15232849121094,478.9263610839844,-6.390150547027588,-8.294842720031738,1.5146599307080706,-0.21482230256043788,1.5298180700233428
1,277,98637926,person,380.9431915283203,479.9392395019531,-6.210973739624023,-8.188203811645508,0.768999173405856,0.4576777183958389,0.8948902852388725
1,278,98638060,person,354.84918212890625,479.3028564453125,-6.907444477081299,-8.255160331726074,-5.197542816845338,-0.4996755229893015,5.221506196607948
1,279,98638193,person,365.364990234375,479.4744567871094,-6.629029273986816,-8.237091064453125,2.093347391687838,0.1358591524281896,2.097751417967529
1,280,98638426,person,387.602294921875,479.8978271484375,-6.039141654968262,-8.192556381225586,2.5317065193929382,0.19113597951733502,2.5389113539079613
1,281,98638560,person,361.2305374145508,479.7412109375,-6.728781223297119,-8.209023475646973,-5.146563942752667,-0.12288876433870685,5.148030892024888
1,282,98638693,person,356.5418930053711,479.7283020019531,-6.8509955406188965,-8.210380554199219,-0.9189046415171228,-0.010203598137188675,0.9189612905975186
1,283,98638826,person,369.55650329589844,479.2530212402344,-6.526401996612549,-8.26041030883789,2.4405529624537414,-0.3761635687118186,2.4693719430186585
1,284,98638960,person,372.46359634399414,477.9675598144531,-6.487543106079102,-8.396134376525879,0.2899917203988602,-1.0128661767760319,1.0535620959187866
1,285,98639093,person,366.20679092407227,479.0006103515625,-6.620794296264648,-8.287013053894043,-1.0018886480116307,0.820461072419819,1.2949661132133352
1,286,98639326,person,384.9605255126953,478.7203369140625,-6.140687465667725,-8.316579818725586,2.060544337325853,-0.12689598640147196,2.0644480030871306
1,287,98639460,person,386.8803405761719,479.5194396972656,-6.068427085876465,-8.232356071472168,0.5392565656064161,0.6285354272643131,0.8281632851533324
1,288,98639593,person,400.0438461303711,479.18829345703125,-5.735263347625732,-8.267230033874512,2.5049905131634014,-0.26221024362664475,2.5186765736992482
1,289,98639826,person,411.5706558227539,479.2441711425781,-5.4339494705200195,-8.26134204864502,1.293192605603918,0.025270322873357027,1.2934394861789145
1,290,98639960,person,415.0621337890625,479.5525817871094,-5.33494234085083,-8.228867530822754,0.7388591766357422,0.2423471479273554,0.777589237970389
1,291,98640093,person,416.0754623413086,479.2725524902344,-5.316033840179443,-8.258352279663086,0.14216917798035125,-0.2216898409047521,0.2633599451852599
1,292,98640326,person,407.8761520385742,476.3703918457031,-5.6078057289123535,-8.565617561340332,-1.2522398658064813,-1.3187351144946184,1.8185617899087643
1,293,98640360,person,404.24767303466797,476.2654113769531,-5.705521106719971,-8.576790809631348,-2.873981700224035,-0.3286249497357537,2.8927089675270583
1,294,98640593,person,392.46742248535156,478.8909606933594,-5.940549850463867,-8.298576354980469,-1.0087070546948347,1.1940534534372484,1.5630910312123691
1,295,98640726,person,383.9959487915039,479.60546875,-6.141002655029297,-8.223302841186523,-1.507163944100975,0.5659662691274083,1.6099257660488588
1,296,98640860,person,378.179141998291,479.4339599609375,-6.297035217285156,-8.241353988647461,-1.1644221063870102,-0.13471005567863806,1.1721883982294414
1,297,98641093,person,373.74327087402344,479.3919982910156,-6.4135589599609375,-8.245772361755371,-0.5001018998960568,-0.018962974712060755,0.5004612918993595
1,298,98641226,person,373.775936126709,479.48602294921875,-6.410035133361816,-8.235873222351074,0.026494936835496943,0.07442961958117951,0.07900474636954462
1,299,98641360,person,374.3111343383789,479.3777770996094,-6.399198532104492,-8.247269630432129,0.0808701586367479,-0.08504782150040811,0.11735891316767573
5,299,98641360,person,614.6146240234375,390.9352111816406,-1.9888584613800049,-19.246976852416992,0.0,0.0,0.0
1,300,98641493,person,373.46480560302734,479.39617919921875,-6.420680522918701,-8.245331764221191,-0.16151872792638333,0.014570422638627819,0.1621745870561269
5,300,98641493,person,614.4716186523438,378.3730773925781,-2.3098490238189697,-21.140958786010742,-2.4134628754809384,-14.24046566611842,14.443533689482718
1,301,98641726,person,373.19567108154297,479.3882751464844,-6.427903175354004,-8.246164321899414,-0.030998508306020318,-0.0035732089194105417,0.03120377123330072
5,301,98641726,person,614.5495300292969,390.15667724609375,-2.0099997520446777,-19.361520767211914,1.286906745812412,7.637073042055056,7.744741030021699
1,302,98641860,person,372.64544677734375,479.55438232421875,-6.437477111816406,-8.228678703308105,-0.0714472870328533,0.13048969097991486,0.14876919800949592
5,302,98641860,person,614.7301330566406,388.38165283203125,-2.0483012199401855,-19.62404441833496,-0.2858318499664762,-1.959131724798857,1.9798729660179217
1,303,98642093,person,374.1441841125488,479.4411926269531,-6.401735782623291,-8.240592956542969,0.15339626263139586,-0.05113413405520721,0.161694505332915
5,303,98642093,person,615.1006469726562,386.1935729980469,-2.091312885284424,-19.9503116607666,-0.18459942207827587,-1.400288594127213,1.4124040121276915
1,304,98642326,person,375.1353530883789,479.3313293457031,-6.379085540771484,-8.252161026000977,0.09721133841977099,-0.04964836677256572,0.10915587313812505
5,304,98642326,person,614.9334716796875,386.90423583984375,-2.0787506103515625,-19.84402084350586,0.053915343059490674,0.45618376506756303,0.4593587832277077
1,305,98642460,person,417.1383361816406,479.4748840332031,-5.283030986785889,-8.237046241760254,8.17951159690743,0.11279689731882579,8.180289304418755
5,305,98642460,person,614.9259338378906,386.3157653808594,-2.093676805496216,-19.9320125579834,-0.11138951600487552,-0.6566545856532765,0.6660351861090198
1,306,98642593,person,420.45948028564453,479.2198181152344,-5.2034101486206055,-8.263908386230469,0.5986529185359639,-0.20197101105424695,0.6318050381074072
5,306,98642593,person,615.3926391601562,386.5091247558594,-2.07438063621521,-19.903078079223633,0.14508397955643504,0.21755247187793703,0.2614927133671847
1,307,98642726,person,415.9180908203125,479.2548828125,-5.320596218109131,-8.260213851928711,-0.8810982668310179,0.02777845339667528,0.8815360448023296
5,307,98642726,person,615.739013671875,387.1748962402344,-2.047075033187866,-19.803621292114258,0.20530528591987782,0.747795391799812,0.7754664457110166
6,307,98642726,car,286.81505584716797,297.7984313964844,-17.252256393432617,-36.15137481689453,0.0,0.0,0.0
1,308,98642960,person,380.37706756591797,479.1205139160156,-6.248717784881592,-8.274373054504395,-3.9663314819335933,-0.06050941271659655,3.966793013708283
5,308,98642960,person,616.4336547851562,386.5959777832031,-2.0399577617645264,-19.890087127685547,0.030415689843332663,-0.3695121178260216,0.3707618095339884
6,308,98642960,car,292.38826751708984,297.4202575683594,-17.066669464111328,-36.23626708984375,0.7931065355610644,-0.36278749123597753,0.8721426147981581
1,309,98643093,person,421.1039581298828,479.1899108886719,-5.187435626983643,-8.267059326171875,7.979565096977061,0.05499043859037241,7.97975457550111
5,309,98643093,person,616.331298828125,385.83514404296875,-2.062086820602417,-20.004037857055664,-0.16638390103677161,-0.8567724012790765,0.8727786375237017
1,310,98643226,person,397.9104309082031,479.396240234375,-5.78506326675415,-8.245326042175293,-4.493440900530134,0.16340815035024084,4.49641116337885
5,310,98643226,person,616.431640625,386.68505859375,-2.0378050804138184,-19.876768112182617,0.18256947510224536,0.9569153749853148,0.9741758815133923
1,311,98643360,person,454.91358947753906,480.0,-4.287959098815918,-8.181818008422852,11.172419163718152,0.47394055039135374,11.182467063001878
5,311,98643360,person,616.9306030273438,387.4430236816406,-2.003556489944458,-19.763643264770508,0.2555864960400026,0.8442152791948461,0.8820566277649288
1,312,98643593,person,438.64530181884766,479.5507507324219,-4.721964359283447,-8.229060173034668,-1.862683521319868,-0.20275607129534937,1.8736861863833303
5,312,98643593,person,616.0890197753906,386.6064758300781,-2.0503761768341064,-19.888517379760742,-0.20094286218733234,-0.5359404076834093,0.5723723914130522
1,313,98643726,person,437.3776168823242,479.7666015625,-4.749399185180664,-8.206353187561035,-0.20627688644523906,0.17072921408746475,0.26776597697329924
5,313,98643726,person,618.5403137207031,388.8077087402344,-1.9202218055725098,-19.560855865478516,0.9786042951999749,2.4636204081370416,2.6508662512418772
1,314,98643960,person,425.50135040283203,479.773193359375,-5.057826995849609,-8.205659866333008,-1.3180675669613047,0.002962911230886084,1.318070897151688
1,315,98644093,person,411.22129821777344,479.2023620605469,-5.444154262542725,-8.2657470703125,-2.9047162909256783,-0.4517834885676104,2.9396402928438965
1,316,98644326,person,395.2327194213867,479.5569763183594,-5.8502702713012695,-8.228404998779297,-1.7429871620538409,0.16026640143005633,1.7503398431481363
1,317,98644460,person,397.2268295288086,479.5809631347656,-5.797779083251953,-8.225881576538086,0.3917252839501224,0.01883150926276819,0.39217766869993725
1,318,98644593,person,395.8331527709961,479.612060546875,-5.833151340484619,-8.22260856628418,-0.2659568212982407,0.02460909965343045,0.2670929399681257
7,318,98644593,person,594.1801147460938,479.5691223144531,-0.6786137819290161,-8.227127075195312,0.0,0.0,0.0
1,319,98644726,person,409.91197204589844,480.0,-5.456831455230713,-8.181818008422852,2.8294728214579417,0.30669592376938437,2.846046176193549
7,319,98644726,person,597.2488403320312,479.5939025878906,-0.5983920097351074,-8.224519729614258,0.6031712195030728,0.019604102113193137,0.6034897189318875
1,320,98644860,person,397.3421630859375,479.59918212890625,-5.79428243637085,-8.223963737487793,-2.518290904030871,-0.31452036615627915,2.5378558150635158
7,320,98644860,person,592.4284973144531,479.6422119140625,-0.7227869629859924,-8.219436645507812,-0.9283205466483956,0.03793346348093517,0.9290952507580885
1,321,98644993,person,398.9256286621094,479.601806640625,-5.753053188323975,-8.223688125610352,0.30999434621710525,0.0020722697551985433,0.31000127255949905
7,321,98644993,person,591.7589111328125,479.7322082519531,-0.7385143041610718,-8.209969520568848,-0.11825068552691237,0.07118139051853266,0.13802179169876247
1,322,98645126,person,403.7008590698242,479.56329345703125,-5.629978656768799,-8.227740287780762,0.9253724177080885,-0.030467384739925985,0.9258738429115512
7,322,98645126,person,612.5370788574219,479.7749938964844,-0.19781459867954254,-8.205470085144043,4.065411319409994,0.033830341539884866,4.065552076655225
1,323,98645360,person,403.6438980102539,479.5823974609375,-5.630942344665527,-8.225729942321777,-0.0041183243449936565,0.008591219910189636,0.00952731100341572
7,323,98645360,person,618.2859802246094,479.8255310058594,-0.04755467548966408,-8.200156211853027,0.6421364238883694,0.02270886021801549,0.6425378426338366
1,324,98645493,person,403.9625930786133,479.432373046875,-5.626720905303955,-8.241520881652832,0.03174014557573132,-0.11872886715078712,0.12289825359246515
7,324,98645493,person,618.53271484375,479.2494812011719,-0.05117380619049072,-8.260783195495605,-0.027211509028771765,-0.4558419822750235,0.4566534561656637
1,325,98645726,person,404.9585723876953,479.9984130859375,-5.585535049438477,-8.181984901428223,0.17676332989475757,0.25551922843179986,0.31070138540705805
7,325,98645726,person,619.4065856933594,479.3202819824219,-0.02721460722386837,-8.253324508666992,0.10282918011425903,0.032011531453275885,0.10769669646258791
1,326,98645860,person,405.2782211303711,479.3479919433594,-5.5947957038879395,-8.250406265258789,-0.06910936156315589,-0.5106071927654209,0.5152628544339779
7,326,98645860,person,620.6866760253906,478.9591369628906,-0.00018899475981015712,-8.291386604309082,0.20168367510491203,-0.2840454898663421,0.3483649596575895
1,327,98645993,person,405.6141052246094,479.2950134277344,-5.587493419647217,-8.255986213684082,0.05490439278738839,-0.041954499438293,0.06909900412067857
7,327,98645993,person,623.1743469238281,479.0531921386719,0.0661633089184761,-8.281469345092773,0.4988895013404982,0.07456585876923755,0.5044311666042899
1,328,98646126,person,406.2677230834961,479.9837951660156,-5.551923751831055,-8.183521270751953,0.2674411113997151,0.5448491949784128,0.6069476034513517
1,329,98646360,person,413.25096893310547,480.0,-5.3701043128967285,-8.181818008422852,0.7770061492919922,0.007278898842314369,0.7770402424623362
1,330,98646593,person,417.24070739746094,479.57269287109375,-5.2777791023254395,-8.226751327514648,0.3962455389325711,-0.1928468630549222,0.4406817896329364
1,331,98646726,person,419.1155700683594,479.7191162109375,-5.22518253326416,-8.211346626281738,0.39546292527277666,0.11582482130007636,0.4120756174472064
1,332,98646860,person,418.6605682373047,479.65240478515625,-5.238767623901367,-8.218364715576172,-0.10138127341199277,-0.05237380070472831,0.11411037463305355
1,333,98646993,person,419.4743194580078,479.5133056640625,-5.221287727355957,-8.233001708984375,0.13142779357451245,-0.11005258201656484,0.1714200563889109
1,334,98647126,person,422.70557403564453,479.4706726074219,-5.138406276702881,-8.237488746643066,0.6231688019028283,-0.033737125253318845,0.6240813643150744
1,335,98647260,person,425.0411071777344,479.58892822265625,-5.0745978355407715,-8.225043296813965,0.4761823967321595,0.09287649126195195,0.4851553540740483
1,336,98647393,person,424.97388458251953,479.4909973144531,-5.078904151916504,-8.235349655151367,-0.032378318614529486,-0.0774914160706943,0.08398377867746512
1,337,98647526,person,424.1361846923828,479.1466369628906,-5.109699726104736,-8.27161979675293,-0.23154567058821368,-0.27270783159069545,0.35774706005646595
1,338,98647760,person,414.06514739990234,479.3706359863281,-5.3657026290893555,-8.248022079467773,-1.0940294999342697,0.10084494566306089,1.098667488274871
1,339,98647893,person,407.4573287963867,479.35357666015625,-5.537981033325195,-8.249818801879883,-1.2953263476378936,-0.01350919106849154,1.2953967906121466
1,340,98648026,person,393.8523635864258,479.22509765625,-5.895293235778809,-8.263351440429688,-2.6865579131850623,-0.10174916202860666,2.688484017596311
1,341,98648260,person,388.4018020629883,479.0148010253906,-6.042906761169434,-8.285516738891602,-0.6308270315838674,-0.09472349770048744,0.6378991180378979
1,342,98648393,person,367.67539978027344,479.1860656738281,-6.577249526977539,-8.267464637756348,-4.017614780512071,0.13573008372371356,4.019906862132094
1,343,98648526,person,273.2862777709961,480.0,-9.0055513381958,-8.181818008422852,-18.257908355024522,0.6439596190488428,18.26926110961907
1,344,98648760,person,271.30480766296387,479.481689453125,-9.074136734008789,-8.236329078674316,-0.2930999821067875,-0.23295329167292667,0.3743992996951928
1,345,98648893,person,272.7108402252197,478.83740234375,-9.058865547180176,-8.304226875305176,0.11482095359859609,-0.5105097491042058,0.5232628931194434
1,346,98649126,person,273.2008514404297,479.38336181640625,-9.028087615966797,-8.246682167053223,0.1320941253793086,0.24697299678949838,0.280079487115551
8,346,98649126,person,497.28684997558594,479.971923828125,-3.187995195388794,-8.184768676757812,0.0,0.0,0.0
1,347,98649260,person,274.91136932373047,479.3232727050781,-8.985589027404785,-8.253009796142578,0.31715364598516205,-0.04722111260713036,0.32064976007715457
8,347,98649260,person,492.2694091796875,479.6553039550781,-3.3256313800811768,-8.218059539794922,-1.0271357066595732,-0.24843927639633862,1.0567543867670468
1,348,98649393,person,276.20434188842773,479.3805847167969,-8.950082778930664,-8.246973991394043,0.266964274241512,0.0453819905904899,0.27079410774840085
8,348,98649393,person,487.7627716064453,479.53082275390625,-3.445657253265381,-8.231158256530762,-0.902450174317324,-0.09848659199879581,0.907808309021737
1,349,98649526,person,277.0937042236328,479.3815002441406,-8.926928520202637,-8.246877670288086,0.17409217088742363,0.0007242188417821898,0.17409367724655225
8,349,98649526,person,484.3430480957031,479.67938232421875,-3.53106951713562,-8.215526580810547,-0.6421974727085659,0.1175313963925928,0.6528638626017388
1,350,98649660,person,276.57260513305664,479.3294677734375,-8.942185401916504,-8.252357482910156,-0.11385732622288945,-0.040894124045300836,0.12097859362737658
8,350,98649660,person,479.5337371826172,479.54119873046875,-3.6593258380889893,-8.230066299438477,-0.9571367235326055,-0.10850536289499767,0.963267419417737
1,351,98649793,person,277.1197204589844,479.3332824707031,-8.927833557128906,-8.25195598602295,0.10790860742554628,0.0030187735880227913,0.1079508246865044
8,351,98649793,person,477.6048889160156,479.5271301269531,-3.7098002433776855,-8.231546401977539,-0.379506806681927,-0.011128590519266917,0.37966993803152105
1,352,98649926,person,277.4266014099121,479.327392578125,-8.920045852661133,-8.252575874328613,0.05855416893062735,-0.004660814328301221,0.058739372565250844
8,352,98649926,person,474.6233215332031,479.20867919921875,-3.7949202060699463,-8.265081405639648,-0.6399997194906822,-0.2521428846775141,0.6878776600832812
1,353,98650060,person,277.4087219238281,479.38311767578125,-8.918684005737305,-8.246707916259766,0.010163036744986007,0.04379073185707206,0.04495459389715273
8,353,98650060,person,473.8981628417969,479.12054443359375,-3.8158926963806152,-8.274369239807129,-0.15651112172141002,-0.06931219527970499,0.17117216957492237
9,353,98650060,person,442.69952392578125,402.4105529785156,-6.872032642364502,-17.600040435791016,0.0,0.0,0.0
1,354,98650293,person,276.6198844909668,479.1146545410156,-8.948013305664062,-8.27499008178711,-0.1258768237199906,-0.12138268466671137,0.17486775256385
9,354,98650293,person,430.6171417236328,391.9144592285156,-7.604186058044434,-19.103422164916992,-3.1422893376821097,-6.452282099253118,7.176762959026368
1,355,98650326,person,276.66868591308594,479.1102294921875,-8.946887969970703,-8.275456428527832,0.03410108161695075,-0.014131719415838068,0.03691326673560485
9,355,98650326,person,425.56422424316406,390.1446838378906,-7.8235039710998535,-19.3632869720459,-6.645997365315755,-7.874691125118371,10.304370009651342
1,356,98650460,person,275.85687255859375,479.1858215332031,-8.965520858764648,-8.26749038696289,-0.13905140891003964,0.05944807138015974,0.1512262130408866
9,356,98650460,person,422.228759765625,388.7803649902344,-7.976396560668945,-19.564908981323242,-1.1409894743962075,-1.5046418602786846,1.8883336856567048
8,356,98650460,person,459.18907165527344,479.0305480957031,-4.200745582580566,-8.283856391906738,-0.9621322154998779,-0.023717880249023438,0.9624245102584464
1,357,98650693,person,275.8812713623047,479.2126770019531,-8.96400260925293,-8.264660835266113,0.006516092324973175,0.012143998698615209,0.01378173296721215
9,357,98650693,person,422.11326599121094,388.5663757324219,-7.9878740310668945,-19.596633911132812,-0.04925952960493227,-0.13615849703678246,0.14479515728163941
8,357,98650693,person,459.23545837402344,479.0780029296875,-4.198369979858398,-8.278853416442871,0.010195719837630766,0.021471997699000805,0.023769715778556407
1,358,98650726,person,276.09957122802734,479.25213623046875,-8.957027435302734,-8.260502815246582,0.21136890758167612,0.12600060665246213,0.24607512667691472
9,358,98650726,person,425.11964416503906,388.3374328613281,-7.903531074523926,-19.6306095123291,2.55584716796875,-1.02956367261482,2.7554230350314626
8,358,98650726,person,460.38250732421875,479.18975830078125,-4.165783882141113,-8.267075538635254,0.9874575065843987,0.3569053881096117,1.0499779918510437
1,359,98650960,person,275.7574996948242,479.40972900390625,-8.96074390411377,-8.243905067443848,-0.015882345346304085,0.07093054616553152,0.07268694018212532
8,359,98650960,person,480.6631774902344,479.5291442871094,-3.630251407623291,-8.231334686279297,2.288600318452232,0.15273868528186765,2.293691462163403
1,360,98651093,person,276.33504486083984,479.4549560546875,-8.944241523742676,-8.239143371582031,0.12407804790296052,0.03580222452493538,0.12914008383280248
8,360,98651093,person,487.2274932861328,479.6352844238281,-3.4571356773376465,-8.220165252685547,1.301622032222891,0.08398070371240601,1.3043284376889435
1,361,98651226,person,275.6306266784668,479.4106140136719,-8.964014053344727,-8.243812561035156,-0.14866563610564495,-0.0351066876174812,0.15275454452868972
8,361,98651226,person,494.3016662597656,479.7580261230469,-3.2704520225524902,-8.207254409790039,1.4036365021440318,0.09707400673314144,1.406989265394146
1,362,98651360,person,275.1434860229492,479.3966064453125,-8.977139472961426,-8.24528694152832,-0.09795089266193446,-0.011002839501224347,0.0985669308153577
8,362,98651360,person,496.3740997314453,479.823486328125,-3.215101957321167,-8.200371742248535,0.41306018829345703,0.0513631906082381,0.41624139210617245
1,363,98651493,person,275.1887378692627,479.4031677246094,-8.975747108459473,-8.244596481323242,0.010468906029722743,0.00519143011336936,0.011685415699972484
8,363,98651493,person,497.1045684814453,479.7768859863281,-3.197188138961792,-8.20527172088623,0.1346903636043233,-0.03684194464432566,0.13963818579829937
1,364,98651526,person,274.9751605987549,479.4230651855469,-8.980646133422852,-8.242501258850098,-0.1484553019205729,0.06349159009528882,0.16146256123682862
8,364,98651526,person,497.08209228515625,479.7618103027344,-3.1981165409088135,-8.206856727600098,-0.028133392333984375,-0.04803050648082386,0.05566342890105094
1,365,98651760,person,274.63093757629395,479.3431396484375,-8.992226600646973,-8.250917434692383,-0.04948917617145766,-0.03596656342856904,0.0611782007171742
8,365,98651760,person,497.1714782714844,479.5369567871094,-3.2009358406066895,-8.230512619018555,-0.012048289307162292,-0.10109355307032919,0.10180897675358762
1,366,98651893,person,274.2909393310547,479.4267578125,-8.998313903808594,-8.242112159729004,-0.045769196703918,0.06620507491262335,0.08048559691713797
8,366,98651893,person,499.6083068847656,479.6939392089844,-3.1340177059173584,-8.213994979858398,0.5031438698445944,0.12419277564027255,0.5182447291419655
1,367,98652026,person,272.43325424194336,479.3865966796875,-9.04793930053711,-8.24634075164795,-0.3731232836730498,-0.03179392420259633,0.3744754176647108
8,367,98652026,person,503.1742858886719,479.50738525390625,-3.045562267303467,-8.233624458312988,0.6650784858187339,-0.14759006356834467,0.6812578213591737
1,368,98652260,person,271.7811107635498,479.36505126953125,-9.065608978271484,-8.24860954284668,-0.07551144330929487,-0.009695688883463541,0.0761313631401525
8,368,98652260,person,500.61370849609375,479.6147155761719,-3.1096889972686768,-8.222330093383789,-0.2740458545521793,0.04826651679144965,0.27826388022956466
1,369,98652393,person,273.0947914123535,479.3702392578125,-9.031278610229492,-8.248064041137695,0.25812306798490364,0.004101516608905075,0.25815565200946566
8,369,98652393,person,531.5055847167969,479.6564025878906,-2.305877208709717,-8.217944145202637,6.043697658338044,0.032977053993626645,6.04378762627302
1,370,98652526,person,273.53502464294434,479.10089111328125,-9.028716087341309,-8.276440620422363,0.01926708938483905,-0.2133577389824659,0.21422592167399682
8,370,98652526,person,538.6131896972656,480.0,-2.1139438152313232,-8.181818008422852,1.4431082216420568,0.2716250885698132,1.4684486807891717
1,371,98652660,person,273.46569442749023,479.1385803222656,-9.029275894165039,-8.272468566894531,-0.004177662863660214,0.029642190506209188,0.029935135292976443
8,371,98652660,person,543.0741729736328,479.8027648925781,-2.0021729469299316,-8.202549934387207,0.8341109574730716,-0.1547158654056378,0.8483384279783981
1,372,98652893,person,274.0876159667969,478.93212890625,-9.01990795135498,-8.294234275817871,0.04020576313329868,-0.09341505975682336,0.10169993499752987
8,372,98652893,person,543.9792175292969,479.6476135253906,-1.981876254081726,-8.218868255615234,0.08711026973478783,-0.07003571342501005,0.11177298532390385
1,373,98653026,person,274.2439994812012,478.9734191894531,-9.014476776123047,-8.28987979888916,0.040835903999500704,0.03274042803542058,0.052340296936480894
8,373,98653026,person,542.7362670898438,479.64019775390625,-2.0143356323242188,-8.219648361206055,-0.2440554755074637,-0.005865455570077538,0.24412594842461705
1,374,98653260,person,274.65589332580566,479.2738952636719,-8.993858337402344,-8.258211135864258,0.08811298598591079,0.13533616677308694,0.1614923414165084
8,374,98653260,person,542.5833129882812,479.4882507324219,-2.0214757919311523,-8.235638618469238,-0.030513502593733303,-0.06833443274864784,0.07483761447038009
1,375,98653393,person,274.38243293762207,479.3567199707031,-8.998241424560547,-8.249486923217773,-0.03295554254288064,0.0655955838081532,0.07340877603820994
8,375,98653393,person,541.2612915039062,479.6230773925781,-2.053028106689453,-8.221449851989746,-0.23723544931053217,0.10668245473302396,0.2601188277642235
1,376,98653526,person,274.83230781555176,479.3365173339844,-8.987208366394043,-8.251614570617676,0.08295532456017975,-0.01599734887144619,0.08448373242109702
8,376,98653526,person,539.7937164306641,479.7087707519531,-2.0893771648406982,-8.212434768676758,-0.27330118910710616,0.06778258130066377,0.2815812818621637
1,377,98653760,person,275.2233085632324,479.30047607421875,-8.978227615356445,-8.255411148071289,0.03837927793845152,-0.01622468997270633,0.04166784779404078
8,377,98653760,person,537.2693023681641,479.4770202636719,-2.1598615646362305,-8.236821174621582,-0.3012153837415907,-0.10421541002061631,0.3187343079876387
1,378,98653893,person,270.043737411499,479.3448486328125,-9.111454010009766,-8.250737190246582,-1.0017022154384985,0.03514254003539121,1.0023184756027075
8,378,98653893,person,506.6233673095703,479.6705627441406,-2.9522366523742676,-8.21645450592041,-5.957707426601782,0.15313284737723212,5.9596751127835725
1,379,98654126,person,275.08624839782715,479.44964599609375,-8.976883888244629,-8.239703178405762,0.5775541706658228,0.047356273994936963,0.5794923957569847
8,379,98654126,person,509.58876037597656,479.8695983886719,-2.8707311153411865,-8.195523262023926,0.3498091718157985,0.08983366479177843,0.3611599978075873
1,380,98654260,person,276.06850242614746,479.39501953125,-8.953140258789062,-8.245453834533691,0.17719126459377915,-0.04291534423828125,0.18231420959276004
8,380,98654260,person,498.1402587890625,479.58355712890625,-3.1746885776519775,-8.225607872009277,-2.2683392709760524,-0.22451201481605643,2.2794228859623513
1,381,98654393,person,275.67126655578613,479.4563293457031,-8.961454391479492,-8.238999366760254,-0.06251227586789239,0.04852983288298872,0.07913867141817768
8,381,98654393,person,488.925048828125,479.59423828125,-3.413969039916992,-8.22448444366455,-1.7991012200377041,0.008446829659598214,1.7991210489770981
1,382,98654526,person,275.7681655883789,479.4005126953125,-8.960769653320312,-8.24487590789795,0.00514840721187735,-0.04418451983229558,0.04448345635885134
8,382,98654526,person,485.2821807861328,479.4620361328125,-3.511751174926758,-8.238398551940918,-0.7352040226298167,-0.10461735546140742,0.7426100901245569
1,383,98654660,person,275.6907386779785,479.3843994140625,-8.963312149047852,-8.246572494506836,-0.018973848712978077,-0.012661094096169542,0.02281030992106506
8,383,98654660,person,486.2000427246094,479.4337158203125,-3.4885501861572266,-8.241379737854004,0.17314170723530783,-0.022247656067805502,0.17456519981046742
1,384,98654893,person,275.88183784484863,479.4270324707031,-8.956942558288574,-8.242083549499512,0.0273372993960401,0.019265858400533128,0.03344400152760024
8,384,98654893,person,495.5999298095703,479.8717346191406,-3.2341103553771973,-8.19529914855957,1.0920164411160056,0.19777076950400682,1.1097806922711684
1,385,98655026,person,275.92569732666016,479.41912841796875,-8.956061363220215,-8.242916107177734,0.006625526829769736,-0.0062598321670876405,0.0091149933917751
8,385,98655026,person,496.82655334472656,479.61456298828125,-3.2081260681152344,-8.222345352172852,0.1953705809170142,-0.2033549143855733,0.2819980232069286
1,386,98655060,person,275.89960861206055,479.37762451171875,-8.958104133605957,-8.247285842895508,-0.06008148193359374,-0.12852163875804226,0.1418717593476216
8,386,98655060,person,499.1130065917969,479.3067626953125,-3.155714273452759,-8.254749298095703,1.5415233724257524,-0.9530572330250459,1.8123499654195436
1,387,98655293,person,276.5478515625,478.8985290527344,-8.956992149353027,-8.297778129577637,0.004772464604848444,-0.21670509305634722,0.21675763833130457
8,387,98655293,person,496.4327850341797,479.5289611816406,-3.2203209400177,-8.231353759765625,-0.27728183075082147,0.10041003575140825,0.29490233797670423
1,388,98655526,person,276.63541412353516,478.84637451171875,-8.956428527832031,-8.303279876708984,0.002418976484961776,-0.023612648632393374,0.023736230169756668
8,388,98655526,person,497.1994171142578,479.1686096191406,-3.208641529083252,-8.269304275512695,0.05012622718647314,-0.1628777499874262,0.17041654876483223
1,389,98655760,person,276.3378372192383,478.96173095703125,-8.960378646850586,-8.291112899780273,-0.016880850506643962,0.05199562790047409,0.054667251939275505
8,389,98655760,person,492.9617004394531,479.2790222167969,-3.3163208961486816,-8.257670402526855,-0.4601682353223491,0.049717405922392495,0.4628462220342052
1,390,98655893,person,275.20038986206055,479.5063781738281,-8.972050666809082,-8.23373031616211,-0.087759548560121,0.4314479971290531,0.44028299148405403
8,390,98655893,person,489.72596740722656,479.2088623046875,-3.402101516723633,-8.26506233215332,-0.644967071992114,-0.05557841824409657,0.6473573082375733
1,391,98656026,person,274.8207588195801,478.9899597167969,-8.998923301696777,-8.288135528564453,-0.20204988637364896,-0.40906174738604323,0.45624080238195214
8,391,98656026,person,490.1425018310547,479.5348815917969,-3.3837008476257324,-8.230731010437012,0.13835089547293525,0.25813023846848565,0.2928688960780238
1,392,98656160,person,274.25656509399414,479.00469970703125,-9.013117790222168,-8.286581993103027,-0.1059290188461987,0.011593548219595382,0.10656156621427071
8,392,98656160,person,491.0878448486328,479.56304931640625,-3.35847544670105,-8.227766036987305,0.18824926063195982,0.022126667535127098,0.1895451754719428
1,393,98656293,person,274.4111614227295,479.0985412597656,-9.006001472473145,-8.276688575744629,0.05350614848889802,0.0743865966796875,0.09163118296574863
8,393,98656293,person,493.02093505859375,479.668701171875,-3.305790662765503,-8.216650009155273,0.39612619500411184,0.08357915663181391,0.40484742532430773
1,394,98656426,person,273.9624900817871,479.0856018066406,-9.018099784851074,-8.27805233001709,-0.09096475472127584,-0.010253791522262688,0.091540847942784
8,394,98656426,person,490.72021484375,479.62939453125,-3.3664944171905518,-8.220785140991211,-0.4564192062033746,-0.03109121681156015,0.45747694537991973
1,395,98656660,person,268.9784736633301,478.86669921875,-9.15503215789795,-8.301136016845703,-0.5851810813969017,-0.09864823431031317,0.5934377576101725
8,395,98656660,person,506.0665283203125,479.76690673828125,-2.9645438194274902,-8.206320762634277,1.7177375972780407,0.06181358272193843,1.7188494326471584
1,396,98656793,person,269.6647071838379,478.7958068847656,-9.139527320861816,-8.308615684509277,0.11657772207618655,-0.05623810273364074,0.12943372622138374
8,396,98656793,person,510.3710174560547,479.0896301269531,-2.867790460586548,-8.277627944946289,0.7274688634657321,-0.5361442279098625,0.903693299982459
1,397,98656926,person,269.31140899658203,479.4378967285156,-9.127411842346191,-8.24094009399414,0.09109382342575187,0.5088390264295993,0.5169286599562308
8,397,98656926,person,506.88397216796875,479.2232360839844,-2.9555044174194336,-8.263547897338867,-0.6595034348337273,0.10586501960467574,0.6679462425475443
1,398,98657160,person,271.3750915527344,479.08209228515625,-9.085528373718262,-8.278422355651855,0.1789891821706397,-0.16018060537484974,0.2401977386912037
8,398,98657160,person,495.2036590576172,479.54046630859375,-3.2520079612731934,-8.230142593383789,-1.267109161768204,0.14275770920973557,1.2751256374866486
1,399,98657293,person,273.0732002258301,478.825439453125,-9.049830436706543,-8.305488586425781,0.26840554144149437,-0.20350549454079533,0.33683233363914966
8,399,98657293,person,478.5997619628906,479.61968994140625,-3.681743621826172,-8.221806526184082,-3.231095192127658,0.06267719699027843,3.231703045085211
1,400,98657526,person,274.4284038543701,479.0208740234375,-9.008112907409668,-8.284875869750977,0.17904519011534334,0.08846659517083556,0.1997085841033378
8,400,98657526,person,464.60516357421875,479.1896667480469,-4.055952548980713,-8.267085075378418,-1.6060468976589741,-0.1943285373147465,1.6177608654850395
1,401,98657660,person,273.9119281768799,479.07550048828125,-9.01974868774414,-8.279117584228516,-0.08683418160054221,0.0429722800183652,0.09688545785726944
8,401,98657660,person,463.1012420654297,479.6108093261719,-4.084784030914307,-8.222740173339844,-0.21516031293726678,0.33093210476547924,0.3947277773703957
1,402,98657793,person,273.6285514831543,479.1394958496094,-9.025009155273438,-8.272372245788574,-0.039552387438322366,0.050716830375499296,0.06431631391341025
8,402,98657793,person,466.0024108886719,479.6271057128906,-4.008983135223389,-8.221026420593262,0.5699315465482554,0.012885358996857377,0.5700771879555997
1,403,98658026,person,273.48462104797363,479.3726501464844,-9.021062850952148,-8.247809410095215,0.016936928417549624,0.10541989567965396,0.10677178442514822
8,403,98658026,person,471.08921813964844,479.54278564453125,-3.8788001537323,-8.229898452758789,0.5587252424510252,-0.0380773912683577,0.5600212355596531
1,404,98658160,person,278.67776679992676,479.5064392089844,-8.8816499710083,-8.233724594116211,1.0403946264466242,0.10511056700749183,1.0456907812712357
8,404,98658160,person,474.96075439453125,479.8743896484375,-3.7702481746673584,-8.195019721984863,0.8100893960070253,0.2602890356263118,0.8508790816504438
1,405,98658293,person,315.94604301452637,479.4991149902344,-7.913042068481445,-8.234495162963867,7.282766184412447,-0.005793750734257519,7.282768488999839
1,406,98658426,person,342.46675300598145,478.912841796875,-7.241112232208252,-8.296268463134766,5.052104032129273,-0.4644609035405897,5.07340901981839
1,407,98658560,person,344.2167148590088,479.09906005859375,-7.1900200843811035,-8.276634216308594,0.38128468527722714,0.14652423004605877,0.40846953523799606
1,408,98658693,person,345.3263759613037,479.4111022949219,-7.151869773864746,-8.24376106262207,0.28684443997261216,0.24716656907160478,0.37864369215639904
11,415,98660026,person,519.4917144775391,479.2071533203125,-2.6279420852661133,-8.265242576599121,0.0,0.0,0.0
11,416,98660160,person,519.0995788574219,478.8406677246094,-2.64617657661438,-8.303881645202637,-0.1360782936437806,-0.2883512582351912,0.31884753429628543
12,416,98660160,person,308.6255874633789,479.8763122558594,-8.091522216796875,-8.194817543029785,0.0,0.0,0.0
11,417,98660293,person,519.1144714355469,478.73626708984375,-2.6480801105499268,-8.314898490905762,-0.014312285229675752,-0.08283342633928571,0.08406079958935357
12,417,98660293,person,309.19947814941406,479.5517883300781,-8.08677864074707,-8.228951454162598,0.03566598533687735,-0.25664594836701127,0.259112341124951
11,418,98660426,person,514.3319549560547,479.97760009765625,-2.7451186180114746,-8.184171676635742,-0.7296128380567507,0.9829083779700716,1.2241093794841142
12,418,98660426,person,303.91089630126953,479.55194091796875,-8.22424602508545,-8.228935241699219,-1.033589355927661,0.00012189822089403195,1.0335893631158042
11,419,98660560,person,508.5896453857422,480.0,-2.89377498626709,-8.181818008422852,-1.1093758825045912,0.017564688155900187,1.1095149241686002
12,419,98660560,person,293.9002437591553,480.0,-8.470123291015625,-8.181818008422852,-1.8349049696281774,0.3516211438534865,1.868291646497146
11,420,98660793,person,513.2976684570312,479.7110290527344,-2.7778830528259277,-8.212197303771973,0.4973902722796657,-0.13038324184172143,0.5141953643427727
12,420,98660793,person,299.4700584411621,479.7843322753906,-8.33229923248291,-8.204488754272461,0.5915195645180894,-0.09729933841034066,0.5994685616967417
11,421,98660926,person,513.6320953369141,480.0,-2.762803077697754,-8.181818008422852,0.11338327164040472,0.22841575450466986,0.2550088688532605
12,421,98660926,person,302.09318923950195,479.8924255371094,-8.260721206665039,-8.193123817443848,0.538180645247151,0.0854506528467164,0.5449222155414201
11,422,98661160,person,513.4586029052734,479.92279052734375,-2.7690157890319824,-8.189931869506836,-0.026550048436874,-0.034674620017027244,0.0436718942264425
12,422,98661160,person,303.0500068664551,479.4925537109375,-8.248501777648926,-8.235185623168945,0.05221978212014222,-0.17975130651751134,0.18718289943108435
11,423,98661293,person,513.1969299316406,479.8448791503906,-2.777538537979126,-8.198122024536133,-0.06408081915145529,-0.06158011300223214,0.08887329014101593
12,423,98661293,person,300.8304023742676,479.61688232421875,-8.302261352539062,-8.222101211547852,-0.40420733000102793,0.09837903474506579,0.4160072116008697
11,424,98661426,person,513.4738159179688,479.927001953125,-2.7685277462005615,-8.189489364624023,0.06775031412454476,0.06490721738428101,0.09382458064145452
12,424,98661426,person,301.49961853027344,479.6881408691406,-8.282609939575195,-8.214605331420898,0.14775498469073073,0.05636000095453477,0.15813913243897992
11,425,98661560,person,513.2618255615234,479.9637756347656,-2.773221015930176,-8.185625076293945,-0.03502440096727058,0.02883797261252332,0.045368902648364656
12,425,98661560,person,299.72553634643555,479.58294677734375,-8.332056045532227,-8.225672721862793,-0.3690007907241138,-0.08259246598428754,0.3781310606025204
11,426,98661793,person,512.9881439208984,479.9286804199219,-2.78110671043396,-8.189312934875488,-0.03384418241967459,-0.015827719234089994,0.03736235243944622
12,426,98661793,person,299.773250579834,479.46612548828125,-8.334527015686035,-8.237967491149902,-0.010605022119350186,-0.0527672501592677,0.053822385524265305
11,427,98661926,person,513.7446594238281,479.9762878417969,-2.760403633117676,-8.184309959411621,0.1556622354607833,0.03761635687118186,0.16014281705062033
12,427,98661926,person,300.9449996948242,479.5091552734375,-8.302699089050293,-8.233438491821289,0.23930771906573073,0.03405262653092692,0.2417183604488858
11,428,98662160,person,514.467529296875,479.9960021972656,-2.7411913871765137,-8.182238578796387,0.08210361513317141,0.008852053911258012,0.0825794313154538
12,428,98662160,person,300.4103832244873,479.583740234375,-8.314229965209961,-8.22558879852295,-0.049277248545589604,0.033545697856153175,0.05961175277476861
11,429,98662293,person,513.8996124267578,479.9900817871094,-2.7560737133026123,-8.182860374450684,-0.11189718891803482,-0.0046751552954652255,0.11199481222268776
12,429,98662293,person,302.0106010437012,479.5315246582031,-8.27428913116455,-8.231083869934082,0.3003070228978207,-0.04131632639949483,0.30313585539969007
11,430,98662426,person,513.2314453125,479.7137145996094,-2.7795443534851074,-8.211915016174316,-0.17647097881575274,-0.21845595280926924,0.28082914678144705
12,430,98662426,person,301.9039001464844,479.7117004394531,-8.271357536315918,-8.212126731872559,0.022042066531073778,0.14253487264303336,0.14422913234269288
11,431,98662560,person,512.9541473388672,479.962890625,-2.7812325954437256,-8.185717582702637,-0.012598820586702716,0.19550323486328125,0.19590876734384102
12,431,98662560,person,301.2358932495117,479.50592041015625,-8.295239448547363,-8.233778953552246,-0.17822322560780082,-0.1615837438782649,0.24056771277909633
11,432,98662693,person,513.4570617675781,479.9862976074219,-2.767652750015259,-8.183258056640625,0.10210410096591577,0.018492677157982848,0.10376524727733896
12,432,98662693,person,301.6325798034668,479.4525146484375,-8.286620140075684,-8.239400863647461,0.06480683061413299,-0.04227000071590108,0.07737362764386327
11,433,98662926,person,513.1580963134766,479.99530029296875,-2.7752187252044678,-8.18231201171875,-0.03247199652021023,0.004060278634656652,0.0327248593671477
12,433,98662926,person,299.7040958404541,479.6972961425781,-8.328981399536133,-8.213642120361328,-0.18180798051694944,0.1105525462924155,0.21278159523649628
11,434,98663060,person,512.5796203613281,479.9974670410156,-2.790196657180786,-8.182084083557129,-0.11177561176356984,0.0017009564300081623,0.11178855325075586
12,434,98663060,person,299.6226234436035,479.70880126953125,-8.330733299255371,-8.212431907653809,-0.013073878501778217,0.009031438115817397,0.01589003377967139
11,435,98663293,person,511.9829406738281,479.95037841796875,-2.8067383766174316,-8.187032699584961,-0.0709945040199378,-0.021238695398420732,0.07410331830130053
12,435,98663293,person,299.20703887939453,479.7537536621094,-8.340105056762695,-8.207703590393066,-0.04022213522456746,0.02029320712764887,0.04505146409994962
11,436,98663426,person,511.31402587890625,479.99212646484375,-2.8231871128082275,-8.182645797729492,-0.12367470820147292,0.03298422447720865,0.12799762698223105
12,436,98663426,person,300.62086486816406,479.8213806152344,-8.301222801208496,-8.200592994689941,0.2923477861217986,0.05346312558740601,0.29719612017637725
11,437,98663560,person,508.0631103515625,479.7594909667969,-2.9128293991088867,-8.207100868225098,-0.6689722858258147,-0.18250052608660797,0.693419325678845
12,437,98663560,person,305.20982360839844,479.94873046875,-8.17798137664795,-8.187206268310547,0.9197121235861706,0.09990094312980993,0.9251219318066182
11,438,98663693,person,505.13519287109375,479.88189697265625,-2.986157178878784,-8.194231033325195,-0.551336689999229,0.09676567593911536,0.5597640054337719
12,438,98663693,person,311.7781982421875,479.5963439941406,-8.018355369567871,-8.224262237548828,1.2001955419554746,-0.278616310062265,1.232110541778824
12,439,98663926,person,331.1465873718262,479.6142272949219,-7.514386177062988,-8.222380638122559,2.162957907746278,0.008075534018324167,2.1629729829408038
12,440,98664060,person,341.95189666748047,479.9732360839844,-7.2228264808654785,-8.184630393981934,2.175818628339625,0.28171823985541045,2.193980827194476
12,441,98664293,person,342.61058044433594,479.9844970703125,-7.205381393432617,-8.183446884155273,0.074871619883525,0.0050794413161380095,0.07504372184311721
12,442,98664426,person,339.4169273376465,479.9857482910156,-7.288298606872559,-8.18331527709961,-0.6234376950371534,0.0009895267343162594,0.6234384803301739
12,443,98664560,person,336.82638931274414,479.9999084472656,-7.355161666870117,-8.181827545166016,-0.4989780596832731,0.011102477116371268,0.4991015618522983
12,444,98664693,person,336.4126739501953,479.69830322265625,-7.374981880187988,-8.213536262512207,-0.14902416028474505,-0.2384114086179805,0.28115511752017436
12,445,98664826,person,340.7963638305664,479.90716552734375,-7.25481653213501,-8.191574096679688,0.9034988575411917,0.16512906640992128,0.918464911769443
12,446,98665060,person,305.3378143310547,479.1698303222656,-8.19920539855957,-8.26917552947998,-4.035849856515216,-0.33163005470210666,4.049452130537612
11,446,98665060,person,489.8852081298828,479.7734375,-3.3848564624786377,-8.205634117126465,-0.2916600465251306,-0.008341685297197901,0.29177931121421
12,447,98665193,person,245.10060501098633,478.8051452636719,-9.778569221496582,-8.307629585266113,-11.874915961932418,-0.2891282389934798,11.878435260653685
11,447,98665193,person,469.495849609375,480.0,-3.909198760986328,-8.181818008422852,-3.9424232970503037,0.17906848649333293,3.9464879292834536
12,448,98665326,person,228.8433961868286,479.7337646484375,-10.169210433959961,-8.209806442260742,-2.937151973408864,0.7355123534238428,3.0278441401331513
11,448,98665326,person,493.6274108886719,479.7030029296875,-3.2892394065856934,-8.213041305541992,4.66134852932808,-0.23476163247474152,4.667256489196975
12,449,98665560,person,228.875085324049,480.0,-10.159088134765625,-8.181818008422852,0.043257688864683494,0.11960869161491719,0.12719067086758418
11,449,98665560,person,502.8717956542969,479.689697265625,-3.049302577972412,-8.214441299438477,1.0253710624499197,-0.005982879899505876,1.0253885168859505
12,450,98665693,person,232.55516052246094,480.0,-10.063502311706543,-8.181818008422852,0.7186903989404664,0.0,0.7186903989404664
11,450,98665693,person,510.8177490234375,480.0,-2.835902690887451,-8.181818008422852,1.6045104292102326,0.2452879023731203,1.6231512167678679
12,451,98665826,person,234.24110412597656,479.79541015625,-10.026806831359863,-8.203323364257812,0.2759058672682683,-0.16169440477414238,0.31979544732269016
11,451,98665826,person,521.3094177246094,479.21484375,-2.5804951190948486,-8.264431953430176,1.9203576826511468,-0.6211574812580768,2.0183186680601657
12,452,98665960,person,235.4695587158203,479.986328125,-9.988276481628418,-8.183255195617676,0.28753992336899487,0.1497624525383337,0.32420363927837714
11,452,98665960,person,530.1616821289062,479.98199462890625,-2.3338472843170166,-8.183710098266602,1.8406554834166569,0.6024019042057777,1.9367242092829204
12,453,98666093,person,236.92239379882812,480.0,-9.950067520141602,-8.181818008422852,0.2872854247129053,0.010805918758076832,0.28748857913433806
11,453,98666093,person,530.8090057373047,479.7157897949219,-2.3227133750915527,-8.21169662475586,0.08371360319897644,-0.21042501119742715,0.22646556625234004
12,454,98666226,person,237.89755411446095,480.0,-9.924738883972168,-8.181818008422852,0.1904408734543879,0.0,0.1904408734543879
11,454,98666226,person,531.5755310058594,479.6512451171875,-2.304169178009033,-8.218486785888672,0.13943005325202654,-0.05105384310385338,0.14848311232438466
12,455,98666360,person,239.18893393874168,480.0,-9.891196250915527,-8.181818008422852,0.25031815713910915,0.0,0.25031815713910915
11,455,98666360,person,531.8822021484375,479.78759765625,-2.293295383453369,-8.204144477844238,0.08114772056465717,0.10703214958532532,0.13431617027631165
12,456,98666493,person,238.07872235774994,479.888671875,-9.923873901367188,-8.19351863861084,-0.24569661993729439,-0.08797466306758106,0.2609719724232196
11,456,98666493,person,532.2541961669922,479.7291259765625,-2.2848734855651855,-8.210293769836426,0.06332254051265859,-0.04623527813674812,0.07840564444834151
12,457,98666726,person,238.0793740451336,479.9748229980469,-9.92088508605957,-8.184463500976562,0.012827533509086641,0.03886325164925898,0.04092551703620092
11,457,98666726,person,529.9517669677734,479.7098693847656,-2.3451168537139893,-8.212319374084473,-0.2585552281064537,-0.008693580463720494,0.25870134194174466
12,458,98666860,person,238.20748549699783,479.9306335449219,-9.91908073425293,-8.189107894897461,0.01346531198985541,-0.03465965612610774,0.03718341552041961
11,458,98666860,person,531.91748046875,479.58428955078125,-2.2967092990875244,-8.225531578063965,0.3612504076601854,-0.09859853716038945,0.3744643221520828
12,459,98667093,person,237.42332714796066,479.9631042480469,-9.93833065032959,-8.18569564819336,-0.08261766556506504,0.014644835639920868,0.08390560097121784
11,459,98667093,person,532.4358367919922,479.7061767578125,-2.280641555786133,-8.21270751953125,0.06896027167979228,0.055038877822810486,0.0882314974492954
12,460,98667226,person,237.42739075422287,479.9239501953125,-9.939577102661133,-8.189810752868652,-0.009371822041676456,-0.03094063665633811,0.0323288423096217
11,460,98667226,person,533.2878875732422,479.5989685058594,-2.2607765197753906,-8.223986625671387,0.14936117301309915,-0.08480530932433622,0.1717576795763301
12,461,98667360,person,237.39568275213242,479.9632263183594,-9.939043998718262,-8.18568229675293,0.003978387633366371,0.030809373997930267,0.031065174944069834
11,461,98667360,person,533.4189147949219,479.6251220703125,-2.256814956665039,-8.221234321594238,0.029563903808593747,0.020539582665286847,0.03599859531242762
12,462,98667493,person,237.62701112031937,479.94256591796875,-9.933748245239258,-8.187853813171387,0.03981769533085643,-0.01632719111621828,0.043035172024826665
11,462,98667493,person,533.8016967773438,479.6009216308594,-2.247380495071411,-8.223780632019043,0.07093580145584909,-0.019145191163945016,0.07347398364651014
12,463,98667726,person,240.35711908340454,479.9503479003906,-9.86256217956543,-8.18703556060791,0.3055195951666443,0.0035118135771526286,0.30553977787743264
11,463,98667726,person,534.3217163085938,479.572509765625,-2.234466552734375,-8.226770401000977,0.055424645223331036,-0.012831626531903836,0.056890613791612143
12,464,98667860,person,239.19986695051193,479.9560241699219,-9.892427444458008,-8.186439514160156,-0.22287511113864272,0.004448107819059002,0.22291949405162464
11,464,98667860,person,533.7839508056641,479.23590087890625,-2.255593776702881,-8.262213706970215,-0.15766585051123774,-0.26450228335252446,0.30792852793486203
12,465,98667993,person,236.98833578824997,479.9534606933594,-9.949962615966797,-8.186708450317383,-0.4325952745021734,-0.00202207637012453,0.4326000003634505
11,465,98667993,person,534.5687713623047,479.5020446777344,-2.2295374870300293,-8.234187126159668,0.19591195242745535,0.21072617150787123,0.2877273231069693
12,466,98668126,person,238.2444143295288,479.9556579589844,-9.917259216308594,-8.186477661132812,0.24589022299400845,0.0017352570268444549,0.24589634580650527
11,466,98668126,person,534.1092376708984,479.2499694824219,-2.2468340396881104,-8.26073169708252,-0.13004926810587258,-0.19958324002144032,0.23821478088550463
12,467,98668260,person,237.61101067066193,479.9547424316406,-9.933743476867676,-8.18657398223877,-0.12301686984389575,-0.0007188142235599347,0.12301896991959402
11,467,98668260,person,534.5390930175781,479.2489013671875,-2.2356784343719482,-8.260844230651855,0.08325078594150827,-0.0008398027562383395,0.08325502164162962
12,468,98668393,person,239.07350730895996,479.9154968261719,-9.897106170654297,-8.190698623657227,0.2754684677697662,-0.03101234149215813,0.2772086615895127
11,468,98668393,person,536.1871337890625,479.4547119140625,-2.1884660720825195,-8.239169120788574,0.35498016758968953,0.1629707508517387,0.39060259217673343
12,469,98668526,person,223.49507188796997,479.80572509765625,-10.305660247802734,-8.202239036560059,-3.0718351665296053,-0.08677002182580475,3.073060417078652
11,469,98668526,person,513.9750213623047,479.1659240722656,-2.7723419666290283,-8.269586563110352,-4.390044319898562,-0.22870257384794995,4.395997497492271
12,470,98668660,person,228.59753227233887,479.6848449707031,-10.177309036254883,-8.214951515197754,0.9578448622973996,-0.09486924356489039,0.9625315338232295
11,470,98668660,person,514.36865234375,479.1789855957031,-2.7618143558502197,-8.268210411071777,0.07856425954334771,0.010269791332643424,0.07923264157915309
12,471,98668793,person,231.13979172706604,479.63079833984375,-10.113123893737793,-8.220637321472168,0.4825950565194725,-0.042750423115895206,0.48448486793048645
11,471,98668793,person,518.4972076416016,478.8597717285156,-2.661435604095459,-8.30186653137207,0.7547274568027124,-0.2530535360924283,0.796021121692617
12,472,98668926,person,235.39297819137573,479.6881408691406,-10.000593185424805,-8.214605331420898,0.8460955512254758,0.045353308656161884,0.8473102173404984
11,472,98668926,person,524.2496337890625,478.8045349121094,-2.512925148010254,-8.307694435119629,1.1166199705654516,-0.04381882516961348,1.117479417307019
12,473,98669160,person,256.7019257545471,479.6141357421875,-9.449308395385742,-8.222390174865723,2.3559179061498394,-0.03326856173001803,2.3561527916748157
11,473,98669160,person,522.4853668212891,479.2534484863281,-2.5490705966949463,-8.260364532470703,-0.15446772942176232,0.20226454123472554,0.2545019136934117
12,474,98669293,person,288.15529012680054,479.1168212890625,-8.64786148071289,-8.274762153625488,6.025916651675575,-0.3937742763892152,6.038768887255649
11,474,98669293,person,552.52001953125,476.4232177734375,-1.8259716033935547,-8.559996604919434,5.4368345361006885,-2.2528727251784244,5.885117270606427
12,475,98669526,person,278.79089164733887,479.8627624511719,-8.867057800292969,-8.196242332458496,-0.9407567363951851,0.3369949406308677,0.999294164439942
11,475,98669526,person,528.0351867675781,479.1988830566406,-2.405906915664673,-8.266114234924316,-2.488992756528404,1.261297725300932,2.790332756841049
12,476,98669660,person,257.20302963256836,479.8984375,-9.426713943481445,-8.19249153137207,-4.176538382003556,0.027991052883774487,4.176632178608791
11,476,98669660,person,505.4544219970703,479.8927307128906,-2.977620840072632,-8.19309139251709,-4.266521823939992,0.5449465851285564,4.301183006429685
12,477,98669793,person,296.021605014801,480.0,-8.415022850036621,-8.181818008422852,7.606699950712963,0.08025205224976503,7.607123275724333
11,477,98669793,person,503.0730895996094,479.75274658203125,-3.042646646499634,-8.207809448242188,-0.48891583779700715,-0.110662073121035,0.5012831444166008
12,478,98669926,person,305.69043135643005,479.7820739746094,-8.17074203491211,-8.204726219177246,1.8366978580790354,-0.17224218612326714,1.8447564588727257
11,478,98669926,person,512.0065765380859,478.0341491699219,-2.848761796951294,-8.38908863067627,1.457780823671728,-1.3630013716848273,1.9957198373217977
12,479,98670160,person,319.201167345047,479.3909606933594,-7.831762313842773,-8.245882034301758,1.4486312866210938,-0.17587955181415263,1.4592690709131857
11,479,98670160,person,515.9666442871094,477.3998107910156,-2.7596144676208496,-8.456273078918457,0.3809714928651467,-0.28711302667601496,0.4770462959325443
12,480,98670293,person,327.2976655960083,479.90869140625,-7.605441570281982,-8.191413879394531,1.701659726020985,0.40953499930245535,1.7502470507946801
12,481,98670526,person,323.0994234085083,479.6686706542969,-7.7218708992004395,-8.216652870178223,-0.4996966906371546,-0.10832184885704466,0.5113026555510275
11,481,98670526,person,516.2640380859375,478.96917724609375,-2.7171404361724854,-8.290327072143555,0.11604926625236137,0.4534043900953616,0.4680202700262653
12,482,98670660,person,321.5737216472626,479.771484375,-7.758358478546143,-8.205839157104492,-0.27229536825151585,0.08069935129649602,0.2840020296950427
11,482,98670660,person,516.1882476806641,479.1252746582031,-2.715669631958008,-8.273870468139648,0.010976150854309993,0.12281047764109142,0.1232999971857647
12,483,98670793,person,324.8434634208679,479.48760986328125,-7.68209171295166,-8.235706329345703,0.5734343277780632,-0.22456520482113485,0.6158380140025764
11,483,98670793,person,516.3625793457031,479.1073303222656,-2.7115306854248047,-8.275762557983398,0.031119898745888157,-0.014226239426691729,0.034217451485753426
12,484,98670926,person,320.30535984039307,479.50482177734375,-7.799538612365723,-8.233894348144531,-0.8830593940906954,0.01362391880580357,0.8831644833525935
11,484,98670926,person,517.1844329833984,479.66571044921875,-2.6778724193573,-8.216964721679688,0.25306966968048783,0.4420889947647439,0.5093986032610346
12,485,98671060,person,323.17995262145996,480.0,-7.709611415863037,-8.181818008422852,0.671098481363325,0.38862940090805737,0.7755036962763727
11,485,98671060,person,517.8641815185547,480.0,-2.6528780460357666,-8.181818008422852,0.18652517404129254,0.2622889049017607,0.32184951481352175
12,486,98671193,person,322.14389753341675,480.0,-7.736522197723389,-8.181818008422852,-0.20233670571692902,0.0,0.20233670571692902
11,486,98671193,person,518.7171478271484,480.0,-2.630722999572754,-8.181818008422852,0.16657929671438115,0.0,0.16657929671438115
12,487,98671426,person,270.0782518386841,479.82470703125,-9.094672203063965,-8.20024299621582,-5.828969980002473,-0.07907720082819206,5.829506345434479
11,487,98671426,person,498.5430603027344,479.65911865234375,-3.1624951362609863,-8.217658042907715,-2.2822838484473493,-0.15381989049297545,2.287461502101164
12,488,98671560,person,235.62405252456665,480.0,-9.983790397644043,-8.181818008422852,-6.635210407314015,0.13749990890275185,6.63663494357468
11,488,98671560,person,493.07740783691406,479.5279235839844,-3.3075692653656006,-8.231463432312012,-1.0826427545120467,-0.10302529406191697,1.0875336983808714
12,489,98671693,person,230.4112367630005,479.75860595703125,-10.127601623535156,-8.207193374633789,-1.0812874127151373,-0.190792227149906,1.097990957538821
11,489,98671693,person,487.16175842285156,479.5478515625,-3.460883378982544,-8.229365348815918,-1.1527376963679952,0.015775063880404134,1.1528456311528543
12,490,98671826,person,231.46505641937256,479.4644775390625,-10.110465049743652,-8.238141059875488,0.12884641948499176,-0.232689362719543,0.2659807123400671
11,490,98671826,person,486.0946502685547,479.4233093261719,-3.4915332794189453,-8.242475509643555,-0.2304503792210629,-0.09857263780177984,0.25064704707283625
12,491,98671960,person,234.31141901016235,479.745849609375,-10.02669906616211,-8.208535194396973,0.6251192804592759,0.22093929461578823,0.6630145448685457
11,491,98671960,person,489.4622344970703,479.5580139160156,-3.400847911834717,-8.228296279907227,0.676756474509168,0.10581514728603078,0.6849789567462949
12,492,98672193,person,231.94319772720337,479.5414733886719,-10.095353126525879,-8.230036735534668,-0.2946526195869937,-0.09228129243646056,0.3087652881449292
11,492,98672193,person,492.6118621826172,479.6688232421875,-3.3164188861846924,-8.216636657714844,0.36235633326190736,0.05004129696301636,0.3657953576205626
12,493,98672326,person,231.95891666412354,479.4286804199219,-10.098873138427734,-8.241909980773926,-0.026466254901168936,-0.0892725205959234,0.09311307954333385
11,493,98672326,person,493.78465270996094,480.0,-3.2783203125,-8.181818008422852,0.2864554412382886,0.26179435557888864,0.38806314489782223
12,494,98672460,person,232.8568835258484,479.0765380859375,-10.087786674499512,-8.279007911682129,0.08273480543449743,-0.2768502306582323,0.2889482622301103
11,494,98672460,person,493.90777587890625,479.3974914550781,-3.288987159729004,-8.245193481445312,-0.07960333752987989,-0.47295129121239504,0.47960360216054226
12,495,98672593,person,240.6933741569519,479.67706298828125,-9.863227844238281,-8.215770721435547,1.6884122576032365,0.47546759583896264,1.7540824913092716
11,495,98672593,person,493.6593933105469,479.4383239746094,-3.294504404067993,-8.240894317626953,-0.04148304014277637,0.03232453998766447,0.05259009892461998
12,496,98672826,person,245.5015435218811,480.0,-9.727232933044434,-8.181818008422852,0.5836691467547109,0.14571979833774812,0.6015845181692813
11,496,98672826,person,501.2858428955078,479.71441650390625,-3.0899581909179688,-8.211841583251953,0.8778807431331519,0.12468984710300428,0.8866916922665881
12,497,98672960,person,246.5020899772644,479.9361267089844,-9.703423500061035,-8.188530921936035,0.17768233569700326,-0.0500963695013701,0.18460947607303468
11,497,98672960,person,499.00343322753906,479.8774719238281,-3.145557403564453,-8.194695472717285,-0.41491949736182365,0.12795604876617886,0.43420149666582347
12,498,98673093,person,248.44789266586304,480.0,-9.650704383850098,-8.181818008422852,0.39638433241306387,0.05047303393371123,0.3995848672522821
11,498,98673093,person,520.7366790771484,479.98358154296875,-2.578625202178955,-8.18354320526123,4.262648130718031,0.08385163500792997,4.263472784363402
12,499,98673226,person,241.25678968429565,479.8251953125,-9.84349250793457,-8.200191497802734,-1.449534767552426,-0.1381465366908482,1.4561028493698314
11,499,98673226,person,500.9317169189453,479.727294921875,-3.0988686084747314,-8.21048641204834,-3.91160455861486,-0.2025805021587171,3.9168468291256207
12,500,98673460,person,235.29073190689087,479.3338928222656,-10.015535354614258,-8.251891136169434,-0.735225840511485,-0.2209386254987146,0.7677049646791929
11,500,98673460,person,494.86224365234375,479.66485595703125,-3.2580254077911377,-8.21705436706543,-0.6801572620359241,-0.02806818383371728,0.6807361633143402
12,501,98673493,person,233.65537452697754,479.02294921875,-10.068879127502441,-8.28465747833252,-1.6164779663085938,-0.9929194594874526,1.8970740809441318
11,501,98673493,person,492.1018524169922,479.5472717285156,-3.3324813842773438,-8.229426383972168,-2.256241711703214,-0.37490960323449335,2.2871781461501626
12,502,98673726,person,235.25390005111694,479.6231689453125,-10.00645923614502,-8.221440315246582,0.2678965294309952,0.2713182965061695,0.3812901369038829
11,502,98673726,person,494.6124572753906,479.828369140625,-3.2607603073120117,-8.199857711791992,0.3078157809670902,0.12690417244710636,0.3329492814181532
12,503,98673960,person,241.74425792694092,479.3298034667969,-9.847858428955078,-8.25232219696045,0.6777812273074418,-0.1319738534780649,0.6905103113583692
11,503,98673960,person,494.93971252441406,479.64068603515625,-3.2565677165985107,-8.219596862792969,0.017917054331200753,-0.0843553461580195,0.08623714548468366
12,504,98674093,person,241.26305055618286,479.63067626953125,-9.850017547607422,-8.220650672912598,-0.016233974829652255,0.2381317597582824,0.23868447151908753
11,504,98674093,person,495.2816467285156,479.8334655761719,-3.2432568073272705,-8.199321746826172,0.10008202459579123,0.15244448095335997,0.1823615404089686
12,505,98674226,person,240.93476486206055,479.38348388671875,-9.867059707641602,-8.246668815612793,-0.12813654161037358,-0.19562513308417528,0.23385501061569816
11,505,98674226,person,495.40675354003906,479.7246398925781,-3.2425029277801514,-8.210765838623047,0.005668267271572485,-0.08604580298402255,0.08623229943024367
12,506,98674460,person,244.8661642074585,479.6164855957031,-9.756855964660645,-8.222143173217773,0.47095616658528644,0.10481043758555354,0.4824779152164203
11,506,98674460,person,525.1373748779297,479.7445983886719,-2.4694786071777344,-8.208666801452637,3.3035227376171665,0.008970244317992121,3.303534916303556
12,507,98674593,person,245.1190309524536,479.9644470214844,-9.738383293151855,-8.185554504394531,0.1388922669833764,0.2751027731070841,0.3081762443780982
11,507,98674593,person,529.3740997314453,479.8359375,-2.3574304580688477,-8.19906234741211,0.8424672865329828,0.07221394015434093,0.8455566107782858
12,508,98674726,person,239.0756196975708,480.0,-9.894139289855957,-8.181818008422852,-1.171097719579711,0.028093954674283363,1.1714346499459714
11,508,98674726,person,507.9259033203125,479.8424072265625,-2.9145398139953613,-8.198382377624512,-4.188792149823411,0.00511255479396734,4.188795269840573
12,509,98674860,person,234.19611310958862,479.4339904785156,-10.040522575378418,-8.241351127624512,-1.0924125785258278,-0.4442770089676131,1.1792994964887658
11,509,98674860,person,494.2239685058594,479.7268981933594,-3.2731869220733643,-8.210528373718262,-2.676470955805992,-0.0906417618936567,2.678005359642177
12,510,98674993,person,235.74805402755737,479.00457763671875,-10.015069961547852,-8.28659439086914,0.19137303632004815,-0.34017491161375113,0.39031091391578826
11,510,98674993,person,506.2030944824219,479.4758605957031,-2.9675331115722656,-8.236943244934082,2.29814895113608,-0.19860805425428804,2.306714928382469
12,511,98675126,person,237.55213499069214,479.285400390625,-9.958407402038574,-8.256999015808105,0.42603428202464166,0.22252161700026432,0.4806465223973479
11,511,98675126,person,507.93434143066406,479.23291015625,-2.927968978881836,-8.262528419494629,0.29747468188292997,-0.19236973353794642,0.35425598194358116
12,512,98675460,person,305.45775175094604,479.4548034667969,-8.187097549438477,-8.23915958404541,5.30332291197634,0.05341147234339914,5.303591867222732
11,512,98675460,person,518.9866943359375,479.4580993652344,-2.6355788707733154,-8.238812446594238,0.8754194853548518,0.07100590688739708,0.878294434772221
12,513,98675493,person,312.76045513153076,479.6551513671875,-7.99099063873291,-8.2180757522583,5.9426336577444365,0.6389039935487689,5.97687988026609
11,513,98675493,person,520.4405670166016,479.4608459472656,-2.5977208614349365,-8.238523483276367,1.1472124041933,0.008756464177911932,1.1472458219579058
12,514,98675726,person,262.96428871154785,479.6905517578125,-9.283987998962402,-8.214351654052734,-5.549344893688807,0.015983254101143374,5.549367911169857
11,514,98675726,person,519.8311004638672,479.5638122558594,-2.611314535140991,-8.227685928344727,-0.05834194723628621,0.046513111294594955,0.07461402233913529
12,515,98675960,person,253.28975296020508,479.1914367675781,-9.552316665649414,-8.266898155212402,-1.1467037037906482,-0.2245576972635383,1.1684842932994408
11,515,98675960,person,519.9329376220703,479.1890869140625,-2.61686110496521,-8.267146110534668,-0.023703289847088672,-0.1686332572219718,0.1702909903396736
12,516,98675993,person,315.16917848587036,479.49884033203125,-7.93324613571167,-8.23452377319336,49.06274333144679,0.9810418793649384,49.07255064062285
11,516,98675993,person,518.6999053955078,479.16241455078125,-2.6495180130004883,-8.269956588745117,-0.9896032737963127,-0.08516600637724905,0.9932612386228659
12,517,98676226,person,326.7041759490967,479.31671142578125,-7.638943672180176,-8.253701210021973,1.263100701851906,-0.08230659583095828,1.265779506365962
11,517,98676226,person,514.2817535400391,479.33282470703125,-2.7606711387634277,-8.25200366973877,-0.4770520419010277,0.07705115453368093,0.4832344473409496
12,518,98676360,person,327.0342674255371,479.578125,-7.622373104095459,-8.226180076599121,0.12366095585609549,0.20538159270784748,0.2397365859155739
11,518,98676360,person,518.4891815185547,479.263671875,-2.6527769565582275,-8.25928783416748,0.8051804642179119,-0.05435943603515625,0.807013338331054
12,519,98676493,person,327.9330863952637,479.18328857421875,-7.611059665679932,-8.267757415771484,0.08506344673328829,-0.31261157272453594,0.3239780631022026
11,519,98676493,person,518.8415222167969,479.20806884765625,-2.644832134246826,-8.265146255493164,0.059735506100762156,-0.04404828064423755,0.07421982024249119
12,520,98676726,person,318.4303069114685,479.4716796875,-7.849308490753174,-8.237382888793945,-1.0225271462370908,0.13036277672763547,1.0308036759479995
11,520,98676726,person,514.8900299072266,478.85791015625,-2.7553551197052,-8.30206298828125,-0.4743475770745666,-0.1584409132535877,0.5001091349587036
12,521,98676960,person,309.77780842781067,479.44677734375,-8.075035095214844,-8.240004539489746,-0.9646436088105552,-0.011203635452140091,0.9647086676641793
12,522,98676993,person,301.98886919021606,479.30841064453125,-8.281923294067383,-8.254575729370117,-6.26933935916785,-0.44155120849609375,6.2848694075641305
11,522,98676993,person,509.58644104003906,479.24200439453125,-2.8847968578338623,-8.261570930480957,-0.48480051733581314,0.1516556471921085,0.5079674959427319
12,523,98677126,person,292.15707445144653,479.2094421386719,-8.54078197479248,-8.26500129699707,-1.946305870113516,-0.07838772651844454,1.9478837685311363
11,523,98677126,person,507.042724609375,479.0214538574219,-2.9559082984924316,-8.284814834594727,-0.5346724861546567,-0.1747661963441318,0.5625103473140713
12,524,98677260,person,301.5277376174927,479.22186279296875,-8.296660423278809,-8.263692855834961,1.821802623236357,0.00976448628439832,1.8218287908646273
11,524,98677260,person,504.63421630859375,478.92413330078125,-3.0207712650299072,-8.295077323913574,-0.4840519890856387,-0.07658574118543027,0.49007316177351007
12,525,98677393,person,316.0131092071533,479.4180908203125,-7.913813591003418,-8.243024826049805,2.8785476110931625,0.15539872018914472,2.8827391681466046
11,525,98677393,person,508.518310546875,478.849609375,-2.921367883682251,-8.302938461303711,0.7473938447192199,-0.05910629616644149,0.7497273593585154
12,526,98677526,person,317.6359736919403,479.4742736816406,-7.869878768920898,-8.237110137939453,0.3303370081392446,0.04447133917557566,0.333317024699394
11,526,98677526,person,511.4999542236328,479.1915283203125,-2.836153507232666,-8.266888618469238,0.6407095973653004,0.271051449883253,0.6956850412649528
12,527,98677760,person,319.64246368408203,479.47857666015625,-7.817582130432129,-8.23665714263916,0.22348990807166466,0.0019358773516793535,0.22349829223285322
11,527,98677760,person,513.8777923583984,479.6510009765625,-2.764134407043457,-8.218511581420898,0.307773932432517,0.2067394745655549,0.3707640810928389
12,528,98677893,person,322.5597491264343,479.3778381347656,-7.744837760925293,-8.247262954711914,0.5469501466679394,-0.0797429479154429,0.5527326665598167
12,529,98678026,person,320.08591389656067,479.3779602050781,-7.809159278869629,-8.2472505569458,-0.48362043567169877,9.321628656602443e-05,0.48362044465526866
11,529,98678026,person,514.8007659912109,479.40875244140625,-2.7454960346221924,-8.24400806427002,0.07006906925287461,-0.09585143928241012,0.1187315159444774
12,530,98678260,person,318.7144877910614,479.58837890625,-7.83831262588501,-8.22510051727295,-0.12458695305718315,0.09465828920022035,0.15646757039842252
12,531,98678293,person,318.61423540115356,479.59173583984375,-7.840814590454102,-8.224747657775879,-0.07581710815429688,0.010692712032433712,0.07656740807607962
12,532,98678426,person,319.1404433250427,479.4343566894531,-7.831999778747559,-8.241312026977539,0.06627677974844337,-0.12454412933579065,0.14108101107460855
12,533,98678660,person,318.9264397621155,479.5857849121094,-7.832882881164551,-8.225374221801758,-0.003773941952958066,0.0681102785289797,0.0682147541163896
12,534,98678693,person,318.8504309654236,479.498779296875,-7.83754825592041,-8.234530448913574,-0.14137499260179923,-0.2774614276308002,0.3114028457738955
12,535,98678826,person,312.7069778442383,479.83282470703125,-7.986844062805176,-8.199389457702637,-1.1225248637952303,0.26421797902960525,1.1532012878422349
12,536,98679060,person,295.1023712158203,479.4764404296875,-8.455631256103516,-8.236882209777832,-2.003364073924529,-0.16022543621878338,2.009761130856845
11,536,98679060,person,522.6001129150391,479.45269775390625,-2.5417535305023193,-8.239381790161133,0.19704304073488688,0.00447415290994847,0.19709383031011368
12,537,98679093,person,293.0010416507721,479.5184631347656,-8.508913040161133,-8.23245906829834,-1.6145995168974905,0.13403459028764203,1.6201533480998598
11,537,98679093,person,522.8308563232422,479.3845520019531,-2.5372345447540283,-8.246556282043457,0.1369389620694247,-0.2174088449189157,0.2569414041792963
12,538,98679326,person,276.4021472930908,479.30572509765625,-8.94739818572998,-8.254858016967773,-1.881910496003638,-0.09613282690744031,1.884364252308421
11,538,98679326,person,521.9946594238281,479.4520263671875,-2.557509422302246,-8.239452362060547,-0.08701664183784452,0.03048892696527964,0.09220341980767237
12,539,98679560,person,242.4392957687378,479.7569885253906,-9.815109252929688,-8.207364082336426,-3.7081669538449016,0.2029655326125968,3.713717432037081
11,539,98679560,person,516.7623138427734,480.0,-2.6814980506896973,-8.181818008422852,-0.5298659332797059,0.24630065657134748,0.5843132042645028
12,540,98679693,person,245.3211727142334,480.0,-9.731917381286621,-8.181818008422852,0.62550279430877,0.19207574371108435,0.6543293031878105
11,540,98679693,person,501.63233947753906,479.69281005859375,-3.0814435482025146,-8.21411418914795,-3.0071090038557697,-0.24282842650449366,3.0168974470122594
12,541,98679826,person,245.59850406646729,479.9887390136719,-9.725098609924316,-8.183001518249512,0.051268957611313434,-0.008898570125264332,0.05203547410012616
11,541,98679826,person,499.55836486816406,479.7946472167969,-3.1330244541168213,-8.20340347290039,-0.38782636025794465,0.0805317011094631,0.3960992812345271
12,542,98680060,person,235.48500061035156,479.9958190917969,-9.987546920776367,-8.182257652282715,-1.121573978000217,0.003178914388020833,1.1215784830425009
11,542,98680060,person,499.9300231933594,479.6861267089844,-3.1258347034454346,-8.21481704711914,0.03072543021960136,-0.04877595819978632,0.05764673590487925
12,543,98680193,person,234.36785888671875,479.97698974609375,-10.017216682434082,-8.184236526489258,-0.22308091471966046,-0.0148787534326539,0.22357654576424185
11,543,98680193,person,500.70709228515625,479.61444091796875,-3.1072678565979004,-8.222358703613281,0.1396003522370991,-0.05670418416647086,0.1506772140925999
12,544,98680326,person,236.2268681526184,479.9961242675781,-9.968267440795898,-8.182225227355957,0.36803941081341046,0.015122549874441964,0.3683499686800411
11,544,98680326,person,501.1548309326172,479.5653991699219,-3.096743106842041,-8.227519035339355,0.07913345681097274,-0.03879948666221217,0.08813344513920505
12,545,98680460,person,239.97236490249634,479.9979553222656,-9.870918273925781,-8.182032585144043,0.7264863199262476,0.0014376284471198694,0.7264877423711524
11,545,98680460,person,505.19740295410156,479.5874938964844,-2.9911656379699707,-8.225193977355957,0.7878915587467933,0.017351178980585354,0.788082591963855
12,546,98680693,person,240.23422002792358,479.98992919921875,-9.864392280578613,-8.182876586914062,0.02800855513805995,-0.003622325193216872,0.028241820067537397
11,546,98680693,person,501.09864807128906,479.54815673828125,-3.09859561920166,-8.229333877563477,-0.4610728808227015,-0.017767812049440047,0.4614151022400213
12,547,98680726,person,238.04434204101562,479.9328918457031,-9.92324161529541,-8.188870429992676,-1.7833131732362688,-0.1816316084428267,1.7925389577422128
11,547,98680726,person,505.60496520996094,479.488525390625,-2.982797622680664,-8.235610008239746,3.509030197605942,-0.19018577806877365,3.514180353637249
12,548,98680960,person,237.35594081878662,479.92694091796875,-9.941329002380371,-8.189496040344238,-0.07729652600410657,-0.0026735485109508545,0.0773427488129555
11,548,98680960,person,500.5598602294922,479.5938415527344,-3.1115622520446777,-8.224526405334473,-0.5502761938633063,0.047365824381510414,0.5523109729600048
12,549,98681093,person,245.27792644500732,479.9439392089844,-9.734956741333008,-8.18770980834961,1.5516711356944606,0.01343031574908952,1.55172925690291
11,549,98681093,person,508.5058288574219,479.6564636230469,-2.903628349304199,-8.217937469482422,1.5634128025599887,0.04954087106805098,1.5641975224103444
12,550,98681126,person,238.92150449752808,479.9632873535156,-9.899407386779785,-8.185675621032715,-4.983352892326586,0.06164203990589488,4.983734121172949
11,550,98681126,person,487.4668273925781,479.68206787109375,-3.449824571609497,-8.21524429321289,-16.551400675918117,0.08161140210700757,16.551601878843528
12,551,98681360,person,241.71048831939697,479.8360595703125,-9.831331253051758,-8.19904899597168,0.29092364841037327,-0.05715117495284121,0.29648410750475773
11,551,98681360,person,493.4378204345703,479.616455078125,-3.2961604595184326,-8.222146987915039,0.6566842397054036,-0.029498695308326654,0.6573464563701226
12,552,98681493,person,241.7810664176941,479.5536804199219,-9.839200973510742,-8.228752136230469,-0.05917083051867951,-0.22333188164503054,0.23103747865526109
11,552,98681493,person,494.66688537597656,479.66455078125,-3.2631099224090576,-8.217086791992188,0.24850027901785712,0.03804658588610197,0.25139596530084046
12,553,98681626,person,247.92409658432007,479.95758056640625,-9.665753364562988,-8.186275482177734,1.3041173605094278,0.3193733387423637,1.3426546166015747
11,553,98681626,person,494.7945098876953,479.89752197265625,-3.2544431686401367,-8.192587852478027,0.06516356217233758,0.18420255273804628,0.19538902290098292
12,554,98681860,person,255.67064571380615,480.0,-9.46310043334961,-8.181818008422852,0.8660381675785422,0.019049033140524838,0.8662476397465034
11,554,98681860,person,523.4186859130859,479.7575988769531,-2.513857841491699,-8.20729923248291,3.164894560463408,-0.06286914532001202,3.1655189319105546
12,555,98681993,person,263.2027235031128,480.0,-9.267461776733398,-8.181818008422852,1.4709673429790295,0.0,1.4709673429790295
11,555,98681993,person,527.0369567871094,479.8179626464844,-2.4185383319854736,-8.200952529907227,0.7166880414001924,0.04771956823822251,0.7182749514488768
12,556,98682126,person,261.78512382507324,480.0,-9.304282188415527,-8.181818008422852,-0.27684520061751056,0.0,0.27684520061751056
11,556,98682126,person,527.7882843017578,479.8420715332031,-2.398500442504883,-8.198417663574219,0.15066082316233698,0.019059145360960997,0.15186156412286558
12,557,98682360,person,249.6258773803711,479.3920593261719,-9.640783309936523,-8.245765686035156,-1.4380389808589575,-0.27328067355685765,1.4637754052482093
11,557,98682360,person,527.9591217041016,479.2099609375,-2.407646656036377,-8.264946937561035,-0.03908638261322282,-0.2843131366957966,0.2869872906656146
12,558,98682493,person,244.96253061294556,479.4255065917969,-9.76089096069336,-8.242243766784668,-0.9030650432844807,0.02648059586833294,0.9034532054068671
11,558,98682493,person,526.562744140625,479.3065185546875,-2.441882371902466,-8.25477409362793,-0.25741139748938996,0.07648754836921405,0.26853486293770795
12,559,98682626,person,249.52932262420654,479.2269592285156,-9.648917198181152,-8.263155937194824,0.8419079888135866,-0.15723436398613722,0.8564646559235608
11,559,98682626,person,498.17054748535156,479.52142333984375,-3.1753201484680176,-8.232147216796875,-5.51456974861317,0.17012689346657658,5.517193369114419
12,560,98682860,person,250.4415521621704,479.4789733886719,-9.616619110107422,-8.236615180969238,0.13802601740910456,0.11342203515207665,0.17864976781361164
11,560,98682860,person,493.73175048828125,472.6208190917969,-3.4515764713287354,-8.96723461151123,-1.1805825763278537,-3.141399122710921,3.355914728907434
12,561,98682993,person,241.70473670959473,479.9889831542969,-9.826229095458984,-8.182975769042969,-1.576014927455357,0.4033038490696957,1.626799633094545
11,561,98682993,person,491.1396179199219,475.5062561035156,-3.451695680618286,-8.657709121704102,-0.0008963104477502349,2.327259321858112,2.3272594944586427
12,562,98683126,person,261.2171802520752,480.0,-9.3190336227417,-8.181818008422852,3.8134997948668055,0.008704967068550281,3.8135097301437204
11,562,98683126,person,490.8580322265625,476.452392578125,-3.436880111694336,-8.556893348693848,0.1113952550672947,0.7580133309041647,0.7661547576566592
12,563,98683260,person,256.6952323913574,480.0,-9.436488151550293,-8.181818008422852,-0.8765263343924906,0.0,0.8765263343924906
11,563,98683260,person,490.5208282470703,475.74249267578125,-3.4623444080352783,-8.632505416870117,-0.19003206224583866,-0.5642691654945488,0.5954089987641442
12,564,98683493,person,239.97829866409302,480.0,-9.87069320678711,-8.181818008422852,-1.8635410096000704,0.0,1.8635410096000704
11,564,98683493,person,491.28167724609375,478.1585388183594,-3.386016845703125,-8.375931739807129,0.32758610442984254,1.1011745796694776,1.1488681868368409
12,565,98683526,person,242.65121221542358,480.0,-9.801267623901367,-8.181818008422852,2.1038055419921875,0.0,2.1038055419921875
11,565,98683526,person,492.148193359375,479.0626220703125,-3.3424832820892334,-8.280474662780762,1.3191988973906545,2.8926386977687026,3.179252170983883
12,566,98683760,person,239.73524951934814,479.9189147949219,-9.87979793548584,-8.190339088439941,-0.33559962215586603,-0.03641487186790531,0.3375694732707861
11,566,98683760,person,493.85679626464844,479.5911560058594,-3.2858521938323975,-8.224808692932129,0.24201319767878604,0.23788876003689235,0.3393544607082708
12,567,98683893,person,240.0868844985962,479.5846252441406,-9.882173538208008,-8.225496292114258,-0.01786167460276668,-0.2643398772504993,0.26494265440737197
11,567,98683893,person,505.77728271484375,479.5469970703125,-2.977003335952759,-8.229455947875977,2.3221718637566817,-0.03494176649509516,2.3224347336080253
12,568,98684026,person,241.49303007125854,479.6956787109375,-9.841805458068848,-8.213811874389648,0.3035193995425575,0.08785276484668703,0.3159780596653539
11,568,98684026,person,500.3300476074219,479.20654296875,-3.12634539604187,-8.26530647277832,-1.1228726322489573,-0.2695528188146146,1.15477342816009
12,569,98684160,person,248.06889724731445,479.2445983886719,-9.686299324035645,-8.261297225952148,1.1604935375612173,-0.35436829524253727,1.2133928215522172
11,569,98684160,person,510.8164520263672,478.9896545410156,-2.8584320545196533,-8.288167953491211,1.9993532949419164,-0.17060806502157183,2.006619223930017
12,570,98684293,person,242.26084661483765,479.7081604003906,-9.821423530578613,-8.212499618530273,-1.0159714777666822,0.36689930392387216,1.0801912529062794
11,570,98684293,person,516.0369567871094,479.7996826171875,-2.704744815826416,-8.202874183654785,1.1555431480694534,0.6413065401235021,1.321572565338521
12,571,98684526,person,307.8473801612854,479.7379455566406,-8.116081237792969,-8.209366798400879,7.319065634273152,0.013445579954482966,7.319077984447124
11,571,98684526,person,519.0580596923828,479.5496520996094,-2.6317195892333984,-8.22917652130127,0.31341298966960335,-0.11288556929821619,0.3331228810055251
12,572,98684660,person,315.60728788375854,479.7398986816406,-7.914372444152832,-8.209160804748535,1.5052895047771395,0.001537266062266791,1.5052902897378804
11,572,98684660,person,519.3250885009766,479.3444519042969,-2.6292693614959717,-8.250779151916504,0.018285281622587742,-0.16121366130771922,0.162247330074357
12,573,98684893,person,316.95377564430237,479.6879577636719,-7.880992412567139,-8.214624404907227,0.143261938136023,-0.023448927719705605,0.14516829932768952
11,573,98684893,person,517.9129180908203,479.2370300292969,-2.6683497428894043,-8.262094497680664,-0.16772695877009705,-0.04856371572600925,0.17461605648789139
12,574,98685026,person,318.53090810775757,479.6500549316406,-7.841176986694336,-8.218611717224121,0.29936410430678745,-0.029979791856349858,0.30086152108097036
11,574,98685026,person,517.4129333496094,479.4123229980469,-2.677499294281006,-8.243632316589355,-0.06879361948572603,0.13881339166397438,0.1549248843381941
12,575,98685160,person,318.2141122817993,479.7644958496094,-7.845871925354004,-8.206574440002441,-0.035036855669163945,0.08983042702746034,0.09642140257804646
11,575,98685160,person,517.4390716552734,479.10467529296875,-2.6835837364196777,-8.276041984558105,-0.04540628461695429,-0.24186319379664178,0.2460884702626837
12,576,98685393,person,320.1080572605133,480.0,-7.789401054382324,-8.181818008422852,0.2423642530973377,0.10625077931154439,0.2646311759482259
11,576,98685393,person,519.3706970214844,479.65802001953125,-2.6212213039398193,-8.2177734375,0.2676499248062592,0.2500796011077488,0.3663008178246494
12,577,98685426,person,319.0686364173889,480.0,-7.816399097442627,-8.181818008422852,-0.8181225169788707,0.0,0.8181225169788707
11,577,98685426,person,520.6568145751953,479.4638366699219,-2.592033624649048,-8.238208770751953,0.8844751300233783,-0.6192525227864583,1.0797082673608018
12,578,98685660,person,322.7839653491974,479.7419128417969,-7.727819442749023,-8.208949089050293,0.3785455328786475,-0.11594478900615984,0.3959039208697764
11,578,98685660,person,521.8262786865234,479.4974670410156,-2.560896635055542,-8.234668731689453,0.13306405809190539,0.01512837206196581,0.13392128731882486
12,579,98685793,person,322.59736251831055,479.91351318359375,-7.727398872375488,-8.19090747833252,0.003162183259662829,0.13565120840431155,0.13568806043465156
11,579,98685793,person,526.5458068847656,479.8665771484375,-2.4302542209625244,-8.195840835571289,0.9822737901730645,0.2919390685576245,1.0247390978250273
12,580,98685926,person,323.8035125732422,479.7357482910156,-7.701514720916748,-8.20959758758545,0.194617680140904,-0.14052713724007282,0.24004982342071712
11,580,98685926,person,525.8242340087891,479.743896484375,-2.451646089553833,-8.208740234375,-0.16084111722788416,-0.09698796093015742,0.18782047161186588
12,581,98686160,person,323.4421639442444,479.9585266113281,-7.704071998596191,-8.186176300048828,-0.010928537091638288,0.10009097237872262,0.1006858265828986
11,581,98686160,person,521.8643951416016,479.7607727050781,-2.554177761077881,-8.206965446472168,-0.4381695364275549,0.007584563687316372,0.43823517460316364
12,582,98686293,person,323.51538729667664,479.8130187988281,-7.706632137298584,-8.201472282409668,-0.019249163175884047,-0.11500738617172815,0.11660715740049929
11,582,98686293,person,523.6288604736328,479.5474548339844,-2.5129523277282715,-8.22940731048584,0.3099656642827772,-0.16873581965166823,0.35291711472778375
12,583,98686326,person,323.29607701301575,479.6917419433594,-7.7160515785217285,-8.214225769042969,-0.2854376128225615,-0.38646929191820545,0.480450980235863
11,583,98686326,person,522.1007537841797,479.1914367675781,-2.5604231357574463,-8.266898155212402,-1.4385093342174182,-1.1360862038352273,1.83303054180103
12,584,98686560,person,265.6189250946045,479.5723571777344,-9.218935012817383,-8.226786613464355,-6.422578779041257,-0.05367882231361845,6.422803094362776
11,584,98686560,person,511.266357421875,479.5868225097656,-2.833432197570801,-8.225264549255371,-1.1667053923647628,0.17792139297876602,1.1801938377455288
12,585,98686793,person,255.8865966796875,479.8251953125,-9.463382720947266,-8.200191497802734,-1.0491317945488532,0.11414212730309482,1.0553226746159552
11,585,98686793,person,507.1044464111328,479.7165222167969,-2.938703775405884,-8.21161937713623,-0.45180934693168673,0.058562970468414695,0.4555889676944797
12,586,98686826,person,311.1082355976105,479.5325012207031,-8.037764549255371,-8.23098087310791,43.20055065733013,-0.9330113728841145,43.210624704098855
12,587,98687060,person,315.8202052116394,479.59844970703125,-7.913229942321777,-8.224040985107422,0.5321991749298878,0.029657641027727697,0.5330248938533574
12,588,98687193,person,314.7760980129242,479.69976806640625,-7.937219142913818,-8.21338176727295,-0.18036992926346626,0.080144494996035,0.19737388748433085
12,589,98687226,person,317.329669713974,479.62451171875,-7.873188018798828,-8.221299171447754,1.9403370943936433,-0.23992133863044507,1.9551138812381725
11,589,98687226,person,507.3117218017578,480.0,-2.926968574523926,-8.181818008422852,0.027102080558794477,0.06882533190156791,0.07396924416253262
12,590,98687460,person,241.81974124908447,479.53216552734375,-9.838934898376465,-8.231016159057617,-8.40062769050272,-0.041525588076338805,8.400730323543671
11,590,98687460,person,503.7119598388672,479.7584228515625,-3.0259170532226562,-8.207213401794434,-0.4228567465757712,-0.10852732210077791,0.43656157385529476
12,591,98687693,person,233.56219387054443,478.86102294921875,-10.076942443847656,-8.301734924316406,-1.0214916114643406,-0.30351401398621913,1.0656293300102255
11,591,98687693,person,502.9767761230469,479.2947082519531,-3.055508852005005,-8.25601863861084,-0.12700342825042332,-0.20946453569273069,0.2449597160766065
12,592,98687826,person,262.0024800300598,479.57379150390625,-9.31289005279541,-8.226635932922363,5.7447548199417,0.564654070631902,5.772438146981271
11,592,98687826,person,504.5050964355469,479.7744445800781,-3.0049469470977783,-8.205528259277344,0.38016469855057566,0.3796269122819255,0.5372539348881112
12,593,98687960,person,234.7501049041748,479.6938171386719,-10.01710319519043,-8.214008331298828,-5.255321958171788,0.09423583301145638,5.256166785430797
11,593,98687960,person,501.75999450683594,479.90869140625,-3.073235511779785,-8.191413879394531,-0.5096161543433345,0.10533119315531715,0.5203876295793474
12,594,98688093,person,231.17151927947998,479.8277587890625,-10.105437278747559,-8.199922561645508,-0.664166041782924,0.10590804250616775,0.6725570938776017
11,594,98688093,person,517.7695617675781,479.7430725097656,-2.6609697341918945,-8.208827018737793,3.0997426886307564,-0.13092585972377233,3.102506457118863
12,595,98688226,person,230.93233680725098,480.0,-10.105653762817383,-8.181818008422852,-0.0016276997731144267,0.13612446032072367,0.13613419153232473
11,595,98688226,person,521.9452362060547,479.938720703125,-2.548207998275757,-8.188258171081543,0.8478326008732157,0.15465298989661652,0.8618222939721416
12,596,98688360,person,293.1705160140991,479.9111633300781,-8.491922378540039,-8.191154479980469,12.04277152445779,-0.0696751608777402,12.042973080528526
11,596,98688360,person,523.3476104736328,479.675537109375,-2.5174849033355713,-8.215930938720703,0.22927682791183243,-0.20651319133701607,0.3085701897680834
12,597,98688593,person,325.3348608016968,478.20123291015625,-7.708798408508301,-8.371417045593262,3.36104708168128,-0.7736590798832316,3.448939816402139
11,597,98688593,person,521.8831329345703,479.5427551269531,-2.558433771133423,-8.229902267456055,-0.1757462137246848,-0.059962784271895116,0.18569401480984898
12,598,98688626,person,326.1585855484009,479.4634094238281,-7.648642539978027,-8.238253593444824,1.822905106977983,4.0352561257102275,4.427897359823094
11,598,98688626,person,520.9443359375,478.6054382324219,-2.603309154510498,-8.32870864868164,-1.3598601023356118,-2.994132764411695,3.288472367049454
12,599,98688860,person,324.3345890045166,479.4433288574219,-7.69667911529541,-8.240367889404297,-0.20528450990334535,-0.009035452818259215,0.2054832582326056
11,599,98688860,person,518.3789825439453,478.8409118652344,-2.664926767349243,-8.303855895996094,-0.26332313178950906,0.10620834481002937,0.28393535222427174
12,600,98689093,person,322.32379937171936,479.8323974609375,-7.736997127532959,-8.199434280395508,-0.17303867913111085,0.1756807253596097,0.24658893271661272
11,600,98689093,person,517.0226745605469,479.5182800292969,-2.685316324234009,-8.232478141784668,-0.08750882783161212,0.3063422927529003,0.3185959749864496
12,601,98689226,person,322.36473751068115,480.0,-7.730785846710205,-8.181818008422852,0.04670135956957824,0.1324531727267387,0.1404452204634473
11,601,98689226,person,517.8408966064453,479.4373474121094,-2.6658236980438232,-8.240997314453125,0.1465610991743274,-0.06405392983802279,0.15994705911294957
12,602,98689360,person,313.9882564544678,479.9646301269531,-7.949456691741943,-8.185535430908203,-1.6318719778487931,-0.02774195884590718,1.6321077686135619
11,602,98689360,person,517.1226043701172,479.68353271484375,-2.6790878772735596,-8.215089797973633,-0.09898641216221139,0.19333967522009093,0.21720621493630757
12,603,98689593,person,304.5282564163208,480.0,-8.194070816040039,-8.181818008422852,-1.0498460270304537,0.015954602941423014,1.049967251787715
11,603,98689593,person,498.8997039794922,479.9699401855469,-3.146146059036255,-8.184976577758789,-2.0045415526295933,0.12924128847572425,2.0087035985594106
12,604,98689626,person,292.17107939720154,480.0,-8.515036582946777,-8.181818008422852,-9.72623536081025,0.0,9.72623536081025
11,604,98689626,person,494.85498046875,479.4834899902344,-3.2623817920684814,-8.236140251159668,-3.522294940370502,-1.550414345481179,3.84842127237046
12,605,98689760,person,270.42111682891846,480.0,-9.079971313476562,-8.181818008422852,-4.215930824849143,0.0,4.215930824849143
11,605,98689760,person,491.91766357421875,479.9259033203125,-3.328524112701416,-8.189604759216309,-0.4935994077084669,0.34727979062208486,0.6035259963453674
12,606,98689993,person,239.13991594314575,479.7521057128906,-9.901012420654297,-8.207877159118652,-3.5237815758701045,-0.11184184847983167,3.525556011966479
11,606,98689993,person,475.2713928222656,479.0430908203125,-3.7820212841033936,-8.282533645629883,-1.9463397914247962,-0.398836422375855,1.9867836005708046
12,607,98690026,person,223.25174188613892,479.76654052734375,-10.313361167907715,-8.206358909606934,-12.495416583436908,0.04600756096117424,12.495501282033294
11,607,98690026,person,484.12603759765625,479.2193908691406,-3.547506093978882,-8.26395320892334,7.106520912863991,0.5630435365619081,7.128790746615964
12,608,98690260,person,230.3209319114685,479.4704895019531,-10.140000343322754,-8.237508773803711,0.7408582247220552,-0.13311907776400572,0.7527227896131847
11,608,98690260,person,493.8173370361328,479.5914611816406,-3.2868716716766357,-8.224776268005371,1.113822317530966,0.16742282443576387,1.1263350110744585
12,609,98690493,person,236.7739019393921,479.6011657714844,-9.9677152633667,-8.2237548828125,0.7394209440174021,0.05902957506957483,0.741773431166472
11,609,98690493,person,495.83001708984375,479.82037353515625,-3.229309320449829,-8.200698852539062,0.24704871771161646,0.10333654706570211,0.2677900500063735
12,610,98690526,person,250.42362308502197,480.0,-9.599386215209961,-8.181818008422852,11.161486307779947,1.270814375443892,11.2335989680776
11,610,98690526,person,501.6251983642578,479.8091735839844,-3.0789923667907715,-8.201876640319824,4.555059201789625,-0.035690538810961174,4.555199023793467
12,611,98690760,person,246.03171253204346,479.70098876953125,-9.723674774169922,-8.21325397491455,-0.5311476878630809,-0.13434173714401373,0.5478736794747199
11,611,98690760,person,511.4656524658203,479.3904724121094,-2.8326187133789062,-8.245932579040527,1.0528788607344668,-0.1882732423961672,1.069579688094288
12,612,98690893,person,246.01963996887207,479.94219970703125,-9.71574878692627,-8.187891960144043,0.05959388905001762,0.19069184037975798,0.19978691048095445
11,612,98690893,person,512.5031127929688,479.3267822265625,-2.8070566654205322,-8.252640724182129,0.19219584931108288,-0.05043718151580122,0.19870368333693855
12,613,98691026,person,249.07647323608398,479.8891906738281,-9.638145446777344,-8.193464279174805,0.5834837605182389,-0.04189713556963698,0.5849860415065014
11,613,98691026,person,524.4079742431641,479.2410888671875,-2.499336004257202,-8.261667251586914,2.3136891816791736,-0.06786862710364779,2.314684380204821
12,614,98691160,person,250.49752044677734,479.7584228515625,-9.605668067932129,-8.207213401794434,0.24236849884488687,-0.1026053926837978,0.2631926211733913
11,614,98691160,person,526.1785888671875,479.20611572265625,-2.454040288925171,-8.265352249145508,0.33802772635844214,-0.02749998178055037,0.33914450133385393
12,615,98691393,person,267.0976314544678,479.4664306640625,-9.184020042419434,-8.237936019897461,1.8096481781660743,-0.13185673005591134,1.8144455698644777
11,615,98691393,person,533.5218963623047,479.3304138183594,-2.260399580001831,-8.252257347106934,0.8310760039628319,0.05620129630289364,0.8329741352941006
12,616,98691426,person,306.0492916107178,479.06268310546875,-8.184078216552734,-8.280468940734863,30.301267450506035,-1.2888763890121921,30.32866649645595
11,616,98691426,person,536.1035308837891,478.607177734375,-2.2085742950439453,-8.32852554321289,1.5704631805419922,-2.3111574577562735,2.7942446915008197
12,617,98691660,person,328.4755573272705,478.6705627441406,-7.612608909606934,-8.321833610534668,2.4421765254094048,-0.17677209316155848,2.4485658157749146
12,618,98691793,person,332.1403408050537,478.7484436035156,-7.514832019805908,-8.313612937927246,0.7351645849701157,0.0618095684768562,0.7377583545779591
12,619,98691826,person,328.7961368560791,478.83270263671875,-7.599309921264648,-8.304722785949707,-2.559936407840613,0.26939854477391095,2.57407264623868
12,620,98692060,person,323.431432723999,478.7081298828125,-7.742770671844482,-8.31786823272705,-0.6130801306830512,-0.05617712298010149,0.6156485326748279
12,621,98692293,person,315.3602924346924,478.7538757324219,-7.951455116271973,-8.313039779663086,-0.8956413923926619,0.020722974523454264,0.8958811000574607
12,622,98692326,person,308.88373947143555,478.8869934082031,-8.115856170654297,-8.298995018005371,-4.981850132797703,0.425598838112571,4.999996511664709
12,623,98692560,person,306.54333114624023,478.8760986328125,-8.177106857299805,-8.30014419555664,-0.26175507113464874,-0.004911015176365518,0.2618011370005247
12,624,98692693,person,305.3016929626465,478.4249572753906,-8.223684310913086,-8.347770690917969,-0.3502064181449718,-0.35809395008517386,0.5008750466908227
11,624,98692693,person,543.7584533691406,474.81817626953125,-2.0887715816497803,-8.731237411499023,0.09455620630952254,-0.3178467784420938,0.33161340551561913
12,625,98692826,person,305.2228317260742,478.67901611328125,-8.21770191192627,-8.320940971374512,0.044980443509897786,0.20172721461245888,0.20668117817945625
11,625,98692826,person,540.7807159423828,475.6880798339844,-2.148350238800049,-8.638309478759766,-0.4479598281975079,0.6987062611974271,0.829974967764226
12,626,98692960,person,316.1688404083252,478.6236877441406,-7.934460163116455,-8.3267822265625,2.113744394103093,-0.04359145662677821,2.1141938365942456
12,627,98693093,person,319.8043975830078,478.6498107910156,-7.838995933532715,-8.324024200439453,0.7177761622837612,0.020737038519149435,0.7180756533328149
12,628,98693226,person,310.0037441253662,478.6462707519531,-8.094265937805176,-8.324398040771484,-1.919323340394443,-0.0028108295641447365,1.9193253986090326
12,629,98693460,person,310.85730361938477,478.60247802734375,-8.073417663574219,-8.329021453857422,0.0890951890211839,-0.019758175580929484,0.09125972939367795
12,630,98693593,person,300.0458335876465,478.6227111816406,-8.354270935058594,-8.326885223388672,-2.1116787329652253,0.01606188322368421,2.111739817153219
12,631,98693726,person,303.7894458770752,478.87103271484375,-8.24893569946289,-8.300679206848145,0.7919942525992716,0.19703771834982964,0.8161364828279555
12,632,98693960,person,304.0500144958496,478.859619140625,-8.24251651763916,-8.30188274383545,0.02743240095611311,-0.00514332045856704,0.027910398914319904
12,633,98694093,person,306.84898567199707,478.9862060546875,-8.165681838989258,-8.288531303405762,0.5777043507511455,0.10038677014802631,0.5863615100751031
12,634,98694226,person,308.49766731262207,479.1007995605469,-8.119181632995605,-8.276450157165527,0.34962560897482964,0.09083568601679981,0.361232872680717
12,635,98694360,person,314.75926971435547,478.14385986328125,-7.98613977432251,-8.377484321594238,0.9928496915902664,-0.753986301706798,1.2466939693655303
12,636,98694593,person,327.56513595581055,479.3415222167969,-7.61579704284668,-8.25108814239502,1.5894537831580688,0.5424728720996512,1.6794761521854193
12,637,98694826,person,336.64937591552734,479.97735595703125,-7.360436916351318,-8.184197425842285,1.095966208134598,0.2870846203980016,1.1329428532110495
12,638,98694960,person,333.57934951782227,480.0,-7.439497470855713,-8.181818008422852,-0.5900041380924965,0.017756846413683535,0.5902712838693992
12,639,98695093,person,339.36510848999023,479.85260009765625,-7.2936320304870605,-8.197310447692871,1.0967326343507695,-0.11648450578962052,1.1029012246520677
12,640,98695226,person,317.3912467956543,479.62127685546875,-7.871687889099121,-8.221639633178711,-4.3462846512185,-0.18292620666044995,4.350132442409162
12,641,98695360,person,303.7276802062988,479.0989685058594,-8.243329048156738,-8.276643753051758,-2.773441485504606,-0.4104785065152752,2.803653023793958
12,642,98695493,person,281.92889404296875,479.8516540527344,-8.785893440246582,-8.197409629821777,-4.079431519472509,0.5957452874434621,4.122702265453677
12,643,98695626,person,276.6963653564453,479.2205810546875,-8.942543983459473,-8.263827323913574,-1.1778236331796288,-0.49938115858493887,1.2793162441031134
14,643,98695626,person,508.0189514160156,479.6264953613281,-2.9169528484344482,-8.221090316772461,0.0,0.0,0.0
12,644,98695860,person,256.3311252593994,479.8200988769531,-9.452004432678223,-8.200727462768555,-2.177181406917735,0.2696575262607672,2.1938172348893072
14,644,98695860,person,511.51226806640625,479.8431091308594,-2.8213462829589844,-8.198307991027832,0.40857506613446093,0.09736036643003805,0.4200150302288841
12,645,98695993,person,253.07887077331543,479.60577392578125,-9.543760299682617,-8.223270416259766,-0.6898937368751468,-0.16949589091136041,0.7104098994351008
14,645,98695993,person,509.1283721923828,479.814697265625,-2.8839170932769775,-8.201295852661133,-0.4704572204360388,-0.022465125062411887,0.4709932888104388
12,646,98696226,person,254.00297451019287,479.9578857421875,-9.50783920288086,-8.186244010925293,0.15416779743243694,0.15891161087756503,0.22140598419390464
14,646,98696226,person,510.20594787597656,479.7928161621094,-2.8564062118530273,-8.203596115112305,0.11807245246330555,-0.009872371035072424,0.1184844620216241
12,647,98696360,person,249.6693458557129,479.6331787109375,-9.631447792053223,-8.22038745880127,-0.922452158002711,-0.2548018498207206,0.9569963252154731
14,647,98696360,person,517.4761047363281,479.71832275390625,-2.6691384315490723,-8.211430549621582,1.397520748536978,-0.05846592917371152,1.3987431885322983
12,648,98696493,person,247.52962589263916,479.70477294921875,-9.68461799621582,-8.212855339050293,-0.39977597114735075,0.05663247933065084,0.4037673399644206
14,648,98696493,person,518.2115020751953,479.80450439453125,-2.648139238357544,-8.202366828918457,0.15788867061299489,0.06814827596334586,0.17196807792353538
12,649,98696626,person,244.9812364578247,479.4959411621094,-9.7579927444458,-8.23482894897461,-0.5516898363156426,-0.1652151122129053,0.5758973075102048
14,649,98696626,person,521.4334106445312,479.9427185058594,-2.5614171028137207,-8.187837600708008,0.6520461319084454,0.10924231737179863,0.6611339062864092
12,650,98696760,person,248.3691644668579,479.4180908203125,-9.672571182250977,-8.243024826049805,0.6374743447374941,-0.061163261755188894,0.640401815102855
14,650,98696760,person,500.6550598144531,479.6175537109375,-3.1085495948791504,-8.222030639648438,-4.083078298995743,-0.2551719323912663,4.09104401232867
12,651,98696893,person,252.72258281707764,479.13470458984375,-9.568994522094727,-8.272876739501953,0.7787718808740601,-0.22445047708382282,0.8104712574195811
14,651,98696893,person,521.3352966308594,479.7816467285156,-2.5674705505371094,-8.204771041870117,4.068263491293541,0.12977141186707,4.070332720298168
12,652,98697126,person,268.6400547027588,479.3125915527344,-9.149025917053223,-8.254135131835938,1.8024403649849952,0.08043608440350053,1.8042342511440719
14,652,98697126,person,530.0692749023438,479.79400634765625,-2.3402647972106934,-8.203471183776855,0.9751319885253906,0.005578790099835702,0.9751479466955055
12,653,98697260,person,273.5881633758545,479.3556213378906,-9.01893138885498,-8.249603271484375,0.9708546880465835,0.0338198533698694,0.9714435690167434
14,653,98697260,person,533.7251281738281,479.8861999511719,-2.243319272994995,-8.193778038024902,0.7234740613111809,0.07233690859666511,0.7270813886597679
12,654,98697493,person,291.2122802734375,479.85260009765625,-8.544673919677734,-8.197310447692871,2.0354397818765926,0.22443272013520987,2.047775659468859
14,654,98697493,person,518.1571655273438,479.87237548828125,-2.6480636596679688,-8.195231437683105,-1.7371003719870113,-0.00623776677340397,1.7371115715726875
12,655,98697626,person,297.8149929046631,479.568115234375,-8.38218879699707,-8.227232933044434,1.2216926517343163,-0.22498109286889095,1.2422356569709734
14,655,98697626,person,516.7213287353516,479.72991943359375,-2.688497304916382,-8.210210800170898,-0.30401237028882017,-0.11262678562250351,0.32420412416914757
12,656,98697860,person,296.7562599182129,479.9835510253906,-8.396465301513672,-8.183547019958496,-0.061010703062399835,0.18669193626469016,0.19640820999751374
14,656,98697860,person,530.6892700195312,479.3460998535156,-2.3337247371673584,-8.250605583190918,1.516122084397536,-0.17262727786333132,1.5259181995966995
12,657,98697893,person,320.9105529785156,480.0,-7.768557071685791,-8.181818008422852,19.02752211599639,0.052394288958925186,19.02759425245996
14,657,98697893,person,527.5576934814453,479.9779052734375,-2.401573657989502,-8.1841402053833,-2.05602790370132,2.0141023578065815,2.8781693919087656
12,658,98698026,person,306.2603187561035,479.7801513671875,-8.155994415283203,-8.204928398132324,-2.9130627338151287,-0.17376232864265154,2.91824053806361
14,658,98698026,person,532.2894744873047,479.51885986328125,-2.288433074951172,-8.232417106628418,0.850681075476166,-0.36298421988809915,0.9248869315008502
12,659,98698260,person,299.85480308532715,479.4259338378906,-8.333684921264648,-8.242198944091797,-0.7593611366728432,-0.15927583743364382,0.7758853834679843
14,659,98698260,person,530.9079284667969,479.57598876953125,-2.323126792907715,-8.226404190063477,-0.14826375195103833,0.025696224636501733,0.15047403797057013
12,660,98698393,person,292.8409614562988,479.6342468261719,-8.509359359741211,-8.220274925231934,-1.3208604396734023,0.1648422470666412,1.3311067829111958
14,660,98698393,person,530.1674652099609,479.6587829589844,-2.3406035900115967,-8.217693328857422,-0.13140448950287095,0.06549519703800516,0.14682220777715216
12,661,98698626,person,290.62621688842773,479.5500183105469,-8.569632530212402,-8.229137420654297,-0.258683135069491,-0.03803646104018575,0.26146459939701605
14,661,98698626,person,529.4072265625,479.4825439453125,-2.364137649536133,-8.236239433288574,-0.10100454731560571,-0.07959701472597572,0.12859861325736613
12,662,98698760,person,289.1992874145508,479.36279296875,-8.612763404846191,-8.248847961425781,-0.32187219875961987,-0.1470935878468983,0.35389014668400337
14,662,98698760,person,529.7450256347656,479.19671630859375,-2.361480236053467,-8.266342163085938,0.019831443900492653,-0.22464723729375582,0.22552088016610664
12,663,98698993,person,289.27013206481934,479.4161376953125,-8.609200477600098,-8.243230819702148,0.015291533245037552,0.02410790439327387,0.028548590914777603
14,663,98698993,person,528.6382904052734,479.41131591796875,-2.3856565952301025,-8.243738174438477,-0.10376119818298601,0.09701282681313707,0.1420488465797756
12,664,98699026,person,288.7796058654785,479.45123291015625,-8.620821952819824,-8.239535331726074,-0.35216591574928974,0.11198448412346117,0.36954209083666445
14,664,98699026,person,526.3784027099609,479.55181884765625,-2.441384792327881,-8.228948593139648,-1.6887332453872217,0.4481691302675189,1.7471907575879637
12,665,98699260,person,288.8802089691162,479.0043029785156,-8.632638931274414,-8.28662395477295,-0.05049990792559762,-0.20123343182425213,0.2074732146188027
14,665,98699260,person,523.1730499267578,479.3940124511719,-2.528132200241089,-8.245560646057129,-0.3707154184325128,-0.07099167913453192,0.377451639246584
12,666,98699393,person,291.6424198150635,479.00506591796875,-8.560745239257812,-8.286542892456055,0.5405540753127936,0.0006094911044701597,0.5405544189225316
14,666,98699393,person,524.4918975830078,479.5938415527344,-2.4895143508911133,-8.224526405334473,0.2903597695486886,0.15815218588463345,0.33063712688150315
12,667,98699426,person,292.59605598449707,478.7956237792969,-8.542669296264648,-8.308634757995605,0.5477558482776989,-0.6694504708954782,0.8649857815621012
14,667,98699426,person,523.8894348144531,479.86529541015625,-2.4992945194244385,-8.195976257324219,-0.2963687434340968,0.8651560003107244,0.914510435674933
12,668,98699560,person,295.6681709289551,479.0716857910156,-8.453866958618164,-8.279519081115723,0.6627040122871968,0.2172811707453941,0.6974150235419639
14,668,98699560,person,522.7431945800781,480.0,-2.526151657104492,-8.181818008422852,-0.20042640059741573,0.1056585738907999,0.22657112855144051
12,669,98699793,person,301.7357177734375,478.6475524902344,-8.309483528137207,-8.324262619018555,0.6196713754547511,-0.19203235151430056,0.6487442004257881
14,669,98699793,person,521.1171569824219,479.98358154296875,-2.568742036819458,-8.18354320526123,-0.18279132924878033,-0.007404278276304318,0.18294122932059073
12,670,98699926,person,296.99682998657227,478.9546203613281,-8.423042297363281,-8.291862487792969,-0.8538253325268738,0.24361000921493184,0.8878983810404913
14,670,98699926,person,524.6406402587891,479.9964904785156,-2.476942777633667,-8.1821870803833,0.6902199938781279,0.010196427653606673,0.6902953042618921
12,671,98700160,person,290.459077835083,479.0894470214844,-8.588813781738281,-8.277647018432617,-0.7084251469017093,0.06074986906133146,0.7110251299030698
14,671,98700160,person,522.9335327148438,479.9273376464844,-2.522782564163208,-8.189454078674316,-0.19589652363051716,-0.031055548252203524,0.19834287244004184
12,672,98700293,person,315.4546432495117,479.02252197265625,-7.9406352043151855,-8.28470230102539,4.873523138519516,-0.053047237539649905,4.873811833780178
12,673,98700526,person,319.02503204345703,479.5005187988281,-7.832955837249756,-8.234347343444824,0.46214320628939776,0.21611569777067127,0.5101787313700454
12,674,98700660,person,327.2062530517578,479.42791748046875,-7.622489929199219,-8.241990089416504,1.5706411048547544,-0.05703541769910214,1.5716763404503724
12,675,98700793,person,329.9196472167969,479.3620910644531,-7.5539445877075195,-8.248921394348145,0.515378507456385,-0.05211507467398966,0.5180067441223586
12,676,98700926,person,338.3707695007324,479.6107482910156,-7.326724052429199,-8.222746849060059,1.7084250772806038,0.19680109239162358,1.7197229179864333
12,677,98701160,person,364.9077033996582,479.9226379394531,-6.6280012130737305,-8.189948081970215,2.9859950399806356,0.14016567132411858,2.9892829899838356
12,678,98701393,person,353.5506362915039,479.98291015625,-6.921263694763184,-8.183613777160645,-1.2586372604697558,0.027185857551803916,1.2589308258572585
12,679,98701526,person,357.02672958374023,479.66778564453125,-6.8401618003845215,-8.21674633026123,0.6097886795388128,-0.2491169406059093,0.6587119884976568
12,680,98701760,person,319.99263191223145,479.2212219238281,-7.81642484664917,-8.263760566711426,-4.172064300276275,-0.20091554038545004,4.176899278173719
12,681,98701893,person,293.8795986175537,478.8717346191406,-8.506816864013672,-8.300604820251465,-5.190917423793247,-0.2770244627070606,5.198304170936755
14,681,98701893,person,516.7982482910156,479.9878234863281,-2.680833101272583,-8.183097839355469,-0.09120054074401326,0.0036677664851977243,0.09127426331113478
12,682,98702126,person,230.6134009361267,479.7282409667969,-10.123407363891602,-8.210387229919434,-6.938156651836608,0.38719995850657185,6.9489525493625335
14,682,98702126,person,502.84181213378906,479.70947265625,-3.049635171890259,-8.212361335754395,-1.5828415047968918,-0.12559440514560422,1.5878164830708763
12,683,98702260,person,210.39027607440948,479.3363342285156,-10.662960052490234,-8.25163459777832,-4.0265126014823345,-0.3078161780513934,4.038261325046486
14,683,98702260,person,495.48851013183594,479.6479797363281,-3.242136240005493,-8.218830108642578,-1.4365751351883163,-0.04827442453868353,1.4373860090824142
12,684,98702493,person,211.90341678261757,479.92181396484375,-10.602701187133789,-8.190034866333008,0.25862173972723307,0.26437652980820814,0.3698380101787417
14,684,98702493,person,490.36212158203125,479.7694396972656,-3.372556447982788,-8.2060546875,-0.5597433818768022,0.054830133659133584,0.5624224365296587
12,685,98702626,person,214.52645701169968,479.843017578125,-10.537363052368164,-8.198317527770996,0.49126417117011273,-0.06227564990968632,0.4951956607717112
14,685,98702626,person,495.5052185058594,479.8275451660156,-3.237583637237549,-8.199944496154785,1.0148331634980394,0.045941288309886044,1.015872507604675
12,686,98702760,person,215.76967388391495,479.9367370605469,-10.501734733581543,-8.18846607208252,0.2658829760195604,0.07351832603340717,0.2758599303990568
14,686,98702760,person,497.28173828125,479.7803649902344,-3.192504644393921,-8.20490550994873,0.3364103943554323,-0.03702249099959188,0.3384414547158671
12,687,98702893,person,215.36121779680252,479.6989440917969,-10.520795822143555,-8.213468551635742,-0.14331645535347157,-0.18798856806934328,0.2363880455942003
14,687,98702893,person,498.5121307373047,479.6712951660156,-3.1630208492279053,-8.216377258300781,0.2216826704211701,-0.0862537470079006,0.2378716360518085
12,688,98703126,person,215.50258660316467,479.7635803222656,-10.514824867248535,-8.206670761108398,0.025626415858452923,0.029175066640960298,0.0388316585179521
14,688,98703126,person,496.8563690185547,479.66204833984375,-3.206263780593872,-8.217350006103516,-0.18559198011144548,-0.00417488327353809,0.18563893107867985
12,689,98703260,person,214.05441272258759,479.86370849609375,-10.548891067504883,-8.196142196655273,-0.2542253750473705,0.0785713765158582,0.26609021501282787
14,689,98703260,person,496.0304718017578,479.738525390625,-3.2259764671325684,-8.209305763244629,-0.14710960103504692,0.060031663126020283,0.15888686319002795
12,690,98703393,person,204.56526416540146,479.8111572265625,-10.797313690185547,-8.201667785644531,-1.8678392682756695,-0.041545781874118885,1.8683012562496768
14,690,98703393,person,492.44737243652344,479.75958251953125,-3.3185994625091553,-8.207091331481934,-0.696413499072082,0.016649862877408363,0.6966125032065225
12,691,98703526,person,211.98848682641983,479.3816223144531,-10.619781494140625,-8.246865272521973,1.3348285416911418,-0.33983072840181505,1.3774077681207582
14,691,98703526,person,493.4337615966797,479.63604736328125,-3.29581356048584,-8.220085144042969,0.1713225716038754,-0.0976978388047756,0.19722142694973316
12,692,98703660,person,231.9750839471817,479.4471435546875,-10.097809791564941,-8.23996639251709,3.89531121325137,0.051484179140916506,3.895651430606141
14,692,98703660,person,489.8664855957031,479.8384094238281,-3.383836269378662,-8.19880199432373,-0.6568858872598676,0.1588294755167036,0.675814968148897
12,693,98703793,person,245.5195592045784,479.9385986328125,-9.728861808776855,-8.188270568847656,2.774044983369067,0.38869040352957585,2.8011436592133347
14,693,98703793,person,497.92494201660156,479.4619140625,-3.1830644607543945,-8.238410949707031,1.5095624708591546,-0.29781169461128404,1.5386587207284275
12,694,98704026,person,226.30739092826843,479.1041564941406,-10.257205963134766,-8.27609634399414,-2.267571477930945,-0.3769346572810488,2.2986866126954997
14,694,98704026,person,492.03936767578125,479.67083740234375,-3.331251382827759,-8.216424942016602,-0.6359953737054259,0.09436054802759522,0.642957252388347
12,695,98704160,person,266.60108983516693,479.89801025390625,-9.18257999420166,-8.192536354064941,8.019596783082877,0.6235820143970091,8.0438042673795
14,695,98704160,person,496.57337951660156,479.5179748535156,-3.216918468475342,-8.232510566711426,0.8532307041225148,-0.12004197533450908,0.8616337448705298
12,696,98704393,person,276.29699420928955,479.37896728515625,-8.94772720336914,-8.24714469909668,1.0079518919850623,-0.23437057953535742,1.0348413333009103
14,696,98704393,person,496.3691864013672,479.5079040527344,-3.222456693649292,-8.233570098876953,-0.02376920675515105,-0.004547348349902763,0.024200280303841144
12,697,98704526,person,269.5202251672745,478.8590087890625,-9.141188621520996,-8.301947593688965,-1.4545971289613193,-0.412051839039738,1.5118331672636842
14,697,98704526,person,494.05645751953125,479.4722900390625,-3.2833991050720215,-8.237318992614746,-0.4582136197197706,-0.028187170960849387,0.4590797729191199
12,698,98704660,person,246.8019240796566,479.7799072265625,-9.70096492767334,-8.20495319366455,-4.1774351205398785,0.7238388061523438,4.239682394190876
12,699,98704793,person,238.73129272460938,479.41925048828125,-9.923118591308594,-8.242902755737305,-1.6703282980094278,-0.2853350531786008,1.6945243331694906
12,700,98705026,person,319.3421802520752,478.3718566894531,-7.859645366668701,-8.353382110595703,8.856108260257049,-0.47416032128068,8.868792563120987
12,701,98705060,person,325.7379732131958,478.7633056640625,-7.681032657623291,-8.312045097351074,5.253314971923828,1.2157945071949678,5.39216788295436
12,702,98705293,person,321.2334680557251,479.2631530761719,-7.7828593254089355,-8.259342193603516,-0.43702432526027696,0.2261927199466034,0.49209085281687864
12,703,98705326,person,320.68932247161865,479.2440490722656,-7.797600269317627,-8.26135540008545,-0.44669526996034564,-0.06100625702829072,0.4508419097661041
12,704,98705460,person,322.2629270553589,479.6861572265625,-7.743072509765625,-8.214813232421875,0.4069235787462832,0.34732960942965835,0.5349996789963911
15,704,98705460,car,516.4985656738281,90.55644226074219,-28.9644832611084,-133.84698486328125,0.0,0.0,0.0
12,705,98705593,person,322.36358737945557,479.4632568359375,-7.747310638427734,-8.238269805908203,-0.03186562903841635,-0.17636521418291823,0.17922083329736133
15,705,98705593,car,515.434814453125,88.00656127929688,-29.58608055114746,-136.40841674804688,-4.673663834880169,-19.25888635162124,19.817866614399485
12,706,98705726,person,321.40654850006104,479.8871154785156,-7.759145259857178,-8.193681716918945,-0.08898211601085232,0.33524878939291586,0.3468566962870754
15,706,98705726,car,517.7476806640625,88.05448913574219,-29.388887405395508,-136.359619140625,1.4826552312176926,0.36689930392387216,1.5273773711421192
12,707,98705960,person,321.57871103286743,479.40460205078125,-7.769522666931152,-8.244444847106934,-0.04434789347852397,-0.2169364537948217,0.22142303547972447
15,707,98705960,car,519.3520660400391,93.86512756347656,-28.067119598388672,-130.62506103515625,5.648580371824085,24.506658570379273,25.14921021626922
12,708,98706093,person,317.37690353393555,480.0,-7.860340595245361,-8.181818008422852,-0.682841566272248,0.47087848634648144,0.8294571438797127
15,708,98706093,car,520.5317993164062,103.08905792236328,-26.228412628173828,-122.20419311523438,13.82486443770559,63.314796390390036,64.8065607687793
12,709,98706226,person,314.0529365539551,480.0,-7.946676731109619,-8.181818008422852,-0.6491438786786301,0.0,0.6491438786786301
14,709,98706226,person,497.51361083984375,479.34271240234375,-3.196484327316284,-8.250962257385254,0.05112633985631606,-0.008025449865004596,0.0517523958154522
12,710,98706460,person,317.7693295478821,480.0,-7.850147724151611,-8.181818008422852,0.4125171237521701,0.0,0.4125171237521701
14,710,98706460,person,500.93309020996094,480.0,-3.092646598815918,-8.181818008422852,0.44375097649729145,0.2954882434290698,0.5331305948331018
12,711,98706593,person,316.1594076156616,480.0,-7.891963958740234,-8.181818008422852,-0.3144077788618274,0.0,0.3144077788618274
14,711,98706593,person,507.89166259765625,480.0,-2.911904811859131,-8.181818008422852,1.3589608041863692,0.0,1.3589608041863692
12,712,98706726,person,318.53505992889404,479.94976806640625,-7.831809043884277,-8.18709659576416,0.4522925929019325,-0.039688626626380404,0.4540305900238898
12,713,98706960,person,318.50241684913635,479.1121826171875,-7.858561038970947,-8.275250434875488,-0.11432476532764924,-0.3767258081680689,0.3936908514394343
15,713,98706960,car,526.6018218994141,142.83587646484375,-19.85810089111328,-93.31156158447266,7.347533722099824,33.32483452221651,34.12522304294153
12,714,98707093,person,318.0304045677185,479.4169616699219,-7.861399173736572,-8.243144035339355,-0.02133935914003759,0.24140150027167526,0.24234284099581554
15,714,98707093,car,527.1567687988281,150.85560607910156,-18.860427856445312,-88.60311889648438,7.501301012541118,35.4018247217164,36.18782544596844
12,715,98707326,person,320.0778968334198,479.4370422363281,-7.8075432777404785,-8.241029739379883,0.2311411845325912,0.009074231585719555,0.2313192358322166
15,715,98707326,car,527.2332763671875,147.0949249267578,-19.299467086791992,-90.77259826660156,-1.8842885422604276,-9.31107025801368,9.499819611980055
12,716,98707460,person,319.8116137981415,479.42803955078125,-7.81474494934082,-8.24197769165039,-0.05374381791299848,-0.007074270675431436,0.054207409728327785
12,717,98707593,person,321.5556888580322,479.48291015625,-7.767709255218506,-8.236201286315918,0.35365183550612367,0.04343161905618538,0.35630875135294104
12,718,98707726,person,321.7430362701416,479.232421875,-7.7705535888671875,-8.262579917907715,-0.021385967283320605,-0.198335575878172,0.19948523818961988
12,719,98707860,person,322.0472264289856,479.4219665527344,-7.756805896759033,-8.242616653442383,0.10259471722503206,0.14897958556217933,0.18088834378357
15,719,98707860,car,532.4970550537109,131.06553649902344,-21.008804321289062,-100.82035827636719,-3.2010060571106185,-18.816029980834504,19.086367491414435
12,720,98708093,person,322.9614152908325,479.4987487792969,-7.730677127838135,-8.234533309936523,0.11214063914548685,0.034692461398538085,0.11738436789388676
15,720,98708093,car,534.1373443603516,126.00772857666016,-21.60042953491211,-104.28987884521484,-2.539164006965866,-14.890646218230284,15.105585015177889
12,721,98708226,person,322.6736030578613,479.29815673828125,-7.744328022003174,-8.255655288696289,-0.1026383019927749,-0.15881187037417763,0.18909212360038866
15,721,98708226,car,534.4447937011719,127.8050537109375,-21.327871322631836,-103.03912353515625,2.049309866768973,9.404175263598448,9.624873158567524
12,722,98708360,person,321.4280319213867,479.4868469238281,-7.770906448364258,-8.235786437988281,-0.19834646538122375,0.14827500528364038,0.24764247923385152
15,722,98708360,car,533.7497711181641,133.59519958496094,-20.588058471679688,-99.14205169677734,5.520991425016033,29.082625659544075,29.602034753852177
12,723,98708393,person,321.3352041244507,479.4538879394531,-7.7743353843688965,-8.239255905151367,-0.10390715165571733,-0.10513536857836174,0.14781793494468867
15,723,98708393,car,533.5932922363281,134.6512908935547,-20.459020614624023,-98.45220947265625,3.9102380925958804,20.904309821851324,21.266878733578597
12,724,98708626,person,324.32514810562134,479.94842529296875,-7.681445598602295,-8.187237739562988,0.39866860844035,0.22325392956385795,0.4569233813468831
12,725,98708660,person,324.577401638031,479.9471435546875,-7.67493200302124,-8.187372207641602,0.1915763406192555,-0.003954943488625919,0.1916171596258102
12,726,98708793,person,322.4820046424866,479.96044921875,-7.728954792022705,-8.18597412109375,-0.40618638346966046,0.010511928931214755,0.40632238280215005
15,726,98708793,car,534.8056182861328,139.75192260742188,-19.7275390625,-95.20691680908203,1.8287038803100586,8.113231658935547,8.31677135873141
12,727,98709026,person,320.7293140888214,479.9127502441406,-7.7759504318237305,-8.190987586975098,-0.20169802489710467,-0.02151702094998994,0.20284248923229906
14,727,98709026,person,509.47509765625,479.1349182128906,-2.8900856971740723,-8.272854804992676,0.008967987951113273,-0.037417507837987765,0.03847719715230293
12,728,98709060,person,320.58389258384705,479.9893493652344,-7.777369499206543,-8.182937622070312,-0.041737275965073525,0.23676367367015164,0.24041430359853957
14,728,98709060,person,509.3731384277344,479.0616760253906,-2.894375801086426,-8.280574798583984,-0.1261795268339269,-0.22705863503848803,0.2597631550808832
12,729,98709293,person,322.71719312667847,479.251220703125,-7.744638919830322,-8.260600090026855,0.14047458959751374,-0.33331531311821017,0.36170735171085533
15,729,98709293,car,535.0033264160156,139.8402862548828,-19.703977584838867,-95.15192413330078,0.047122955322265625,0.1099853515625,0.11965513142624082
14,729,98709293,person,508.2067413330078,478.6961669921875,-2.932920217514038,-8.319130897521973,-0.1654266799468339,-0.16547681947634454,0.23398411104653868
12,730,98709426,person,319.59439516067505,479.4754333496094,-7.8189287185668945,-8.236988067626953,-0.5585699153125734,0.17753400300678454,0.5861046600359943
14,730,98709426,person,507.2772521972656,479.1185302734375,-2.9476263523101807,-8.274581909179688,-0.11057244207625998,0.3349547995660538,0.35273358600938914
12,731,98709560,person,321.70484471321106,479.5225830078125,-7.76261043548584,-8.232025146484375,0.4202856946347365,0.037036724944612874,0.4219144274722374
12,732,98709693,person,319.86955285072327,479.1214904785156,-7.8227081298828125,-8.274270057678223,-0.45186236388701245,-0.31763091123193726,0.5523305094484549
14,732,98709693,person,506.70355224609375,478.7233581542969,-2.971440076828003,-8.31626033782959,-0.08918997946749911,-0.15609898370749942,0.1797824940085299
12,733,98709926,person,319.38449025154114,479.06219482421875,-7.837161064147949,-8.28052043914795,-0.06202976079457819,-0.026825671543890824,0.06758186056933697
14,733,98709926,person,506.6548614501953,478.62811279296875,-2.9748525619506836,-8.326314926147461,-0.014645858895625167,-0.04315273956167851,0.045570386376117294
12,734,98710060,person,320.4122095108032,479.1695556640625,-7.807107925415039,-8.269204139709473,0.2242771547232101,0.08444999580952658,0.2396498360587125
14,734,98710060,person,507.14366149902344,478.9082946777344,-2.955824851989746,-8.296748161315918,0.14199783552938433,0.22064749874285797,0.2623903656701396
12,735,98710193,person,319.15527176856995,479.1905212402344,-7.83915376663208,-8.266995429992676,-0.24094617456421816,0.016606839975916353,0.2415177967999799
14,735,98710193,person,507.8688201904297,478.88739013671875,-2.93742299079895,-8.29895305633545,0.13835985857741276,-0.016578158041588346,0.13934950947030111
12,736,98710326,person,321.51274728775024,479.8665466308594,-7.75701904296875,-8.195844650268555,0.6175543132581208,0.5349682686024142,0.817046129808577
14,736,98710326,person,507.1200256347656,479.12255859375,-2.9516258239746094,-8.274157524108887,-0.10678821936585849,0.18643257313204886,0.2148507112391473
12,737,98710460,person,317.41148018836975,479.3939514160156,-7.878204345703125,-8.245566368103027,-0.9043679308535447,-0.37105759577964664,0.9775300986374248
14,737,98710460,person,506.0841979980469,479.1400146484375,-2.9781785011291504,-8.272316932678223,-0.1981543071234404,0.013735756945254196,0.1986298075577526
12,738,98710693,person,318.96578884124756,479.5263671875,-7.833696365356445,-8.231626510620117,0.19102137487845358,0.059827714518927703,0.20017122941375218
14,738,98710693,person,507.46990966796875,479.5340881347656,-2.9332938194274902,-8.230813980102539,0.1926381188912453,0.17812425998147463,0.262369390066573
12,739,98710826,person,315.38768339157104,480.0,-7.912007808685303,-8.181818008422852,-0.5888078445778753,0.3745000165207942,0.69781440240978
14,739,98710826,person,509.29335021972656,479.4425964355469,-2.887937307357788,-8.240445137023926,0.34102640653911387,-0.07241471369463698,0.3486300341572097
12,740,98710960,person,317.37561893463135,480.0,-7.8603739738464355,-8.181818008422852,0.38532712566318794,0.0,0.38532712566318794
14,740,98710960,person,511.741943359375,479.1653747558594,-2.8304405212402344,-8.269644737243652,0.42908049341457993,-0.2179074643263176,0.48124186521750656
12,741,98711093,person,317.91641330718994,479.8109130859375,-7.852172374725342,-8.201693534851074,0.06166615880521616,-0.14944004833250116,0.16166336377612098
14,741,98711093,person,513.5032806396484,478.5,-2.79939341545105,-8.33984375,0.2334368856329667,-0.5278121259875763,0.5771294654698752
12,742,98711326,person,320.88676476478577,479.90765380859375,-7.772016525268555,-8.191523551940918,0.3440165212737644,0.04364799532255901,0.346774443125471
14,742,98711326,person,514.8046569824219,479.5623779296875,-2.742001533508301,-8.227836608886719,0.24631708988304302,0.4807173438338251,0.5401493066098475
12,743,98711460,person,319.3131515979767,479.8681945800781,-7.814114093780518,-8.195671081542969,-0.31416095904449914,-0.030951713448140156,0.3156819867416183
14,743,98711460,person,513.985595703125,478.9841003417969,-2.7760958671569824,-8.288753509521484,-0.25443532573643013,-0.45460373608034044,0.520962466825401
12,744,98711593,person,321.10093426704407,479.4033203125,-7.781984806060791,-8.244580268859863,0.24157359187764332,-0.3677382505029664,0.43998775116547123
14,744,98711593,person,514.3469543457031,478.8236389160156,-2.7702486515045166,-8.305678367614746,0.04396402746214902,-0.12725457212978736,0.13463492057645315
12,745,98711826,person,321.8184480667114,478.8177185058594,-7.781378269195557,-8.306303024291992,0.002603162511735515,-0.2649045297516262,0.26491731981505606
14,745,98711826,person,508.0148010253906,478.94549560546875,-2.9323205947875977,-8.292824745178223,-0.695587739412365,0.055165761530143506,0.6977718570320852
12,746,98712060,person,307.7732825279236,479.2736511230469,-8.132591247558594,-8.2582368850708,-1.500910163944603,0.20541085137261283,1.5149009664310853
14,746,98712060,person,505.90159606933594,479.3730773925781,-2.9776828289031982,-8.247764587402344,-0.19385570134872043,0.19256477681999531,0.27324206524094874
12,747,98712293,person,289.05736112594604,479.3246154785156,-8.617685317993164,-8.25286865234375,-2.0819488001483704,0.023039625437986183,2.0820762788091027
14,747,98712293,person,499.9118347167969,479.4953308105469,-3.130647897720337,-8.234893798828125,-0.6565024412752732,0.055239435940853,0.6588223210270407
15,747,98712293,car,509.7049865722656,185.3763885498047,-16.263856887817383,-71.38361358642578,1.1467068990071614,7.922770182291667,8.005324732553987
12,748,98712426,person,311.01728916168213,479.39459228515625,-8.044441223144531,-8.245499610900879,4.310105976305509,0.05540632663812852,4.310462085208035
14,748,98712426,person,498.8849639892578,479.0624694824219,-3.1672215461730957,-8.28049087524414,-0.27498983799066756,-0.34283516102267386,0.43949443526804327
15,748,98712426,car,504.5177307128906,186.2543182373047,-16.456809997558594,-71.00032043457031,-1.4507752612121123,2.8819033974095394,3.2264711451593238
12,749,98712560,person,312.9659457206726,479.3194580078125,-7.99611759185791,-8.253411293029785,0.36062411407926187,-0.05904240394706156,0.3654254467320256
14,749,98712560,person,498.0196838378906,479.3952941894531,-3.1821229457855225,-8.2454252243042,-0.11120447471960267,0.2616839622383687,0.2843324309508761
15,749,98712560,car,503.6955108642578,178.9185333251953,-17.20355796813965,-74.27786254882812,-5.572746049112348,-24.459269509386658,25.086079077064017
12,750,98712693,person,311.0106568336487,479.4105529785156,-8.04411506652832,-8.243818283081055,-0.3608832681985726,0.0721278943513569,0.36802060595738845
14,750,98712693,person,498.47509765625,479.62615966796875,-3.165013313293457,-8.221125602722168,0.1286438533238002,0.18270392166940788,0.22345013759534038
12,751,98712826,person,313.7020330429077,479.92877197265625,-7.958006381988525,-8.189303398132324,0.6474337183443227,0.40988635299797344,0.7662749128238084
14,751,98712826,person,503.52679443359375,479.75848388671875,-3.0307276248931885,-8.207206726074219,1.0096668300772071,0.10465320787931742,1.0150760570901016
12,752,98713060,person,319.4863586425781,479.7674560546875,-7.8127217292785645,-8.206262588500977,0.6208745842306023,-0.0724751725156083,0.6250903134545363
14,752,98713060,person,507.6260681152344,480.0,-2.9188034534454346,-8.181818008422852,0.47830842499040127,0.10849879338191105,0.4904599245423921
12,753,98713093,person,319.9262351989746,479.635009765625,-7.805377006530762,-8.220194816589355,0.22256735599402225,-0.4221887299508759,0.47726256049652943
14,753,98713093,person,508.6298065185547,479.9512634277344,-2.89382004737854,-8.186939239501953,0.7570729111180161,-0.1551888205788352,0.772814960246861
12,754,98713326,person,313.91395378112793,479.7619934082031,-7.957688331604004,-8.20683765411377,-0.6536966741340866,0.057326877577622046,0.6562055414782519
14,754,98713326,person,508.2480163574219,479.9770202636719,-2.9031624794006348,-8.184232711791992,-0.040096274772938735,0.011615998755197155,0.04174497188581812
12,755,98713460,person,313.51011657714844,479.7450256347656,-7.968709468841553,-8.208621978759766,-0.08224729281752856,-0.013315855567135028,0.08331824041167148
14,755,98713460,person,505.99566650390625,479.5346984863281,-2.9716029167175293,-8.23075008392334,-0.5107495322156308,-0.3471445681443855,0.6175552087470703
12,756,98713693,person,313.7105550765991,479.4853820800781,-7.971585273742676,-8.235940933227539,-0.012342510305249127,-0.11724873162134522,0.11789657597847962
14,756,98713693,person,505.55784606933594,479.6319274902344,-2.9807965755462646,-8.220519065856934,-0.03945776321345644,0.04390994878285944,0.059033877391905534
15,756,98713693,car,514.3339233398438,189.3103790283203,-15.66152286529541,-69.68438720703125,1.3610195082473417,4.054258907146403,4.27660956693568
12,757,98713726,person,313.28215074539185,479.55316162109375,-7.98060941696167,-8.228806495666504,-0.2734588854240649,0.21619507760712595,0.3485972943080928
14,757,98713726,person,505.42091369628906,480.0,-2.9760806560516357,-8.181818008422852,0.14290665135239108,1.172759316184304,1.1814341812804596
15,757,98713726,car,511.7738494873047,195.21539306640625,-15.275035858154297,-67.21953582763672,11.711727489124645,74.69246604225852,75.60508610043017
12,758,98713960,person,299.6005582809448,479.46246337890625,-8.339133262634277,-8.238353729248047,-1.5321531866350744,-0.04080014351086739,1.5326963296839071
14,758,98713960,person,503.7827911376953,479.8543701171875,-3.0219130516052246,-8.197124481201172,-0.19586493826320028,-0.06541227683042868,0.20649900726392825
12,759,98714093,person,291.2332239151001,479.2790832519531,-8.562569618225098,-8.257664680480957,-1.6799725984272202,-0.14519512205195606,1.6862353201537408
14,759,98714093,person,500.7170867919922,479.46142578125,-3.1104838848114014,-8.238462448120117,-0.665946114332156,-0.31081178134545345,0.7349069264996969
12,760,98714126,person,303.8600034713745,479.849609375,-8.216172218322754,-8.197625160217285,10.496890906131629,1.8193794019294507,10.653396646299905
14,760,98714126,person,498.06329345703125,479.2645263671875,-3.1839776039123535,-8.259198188781738,-2.22708239699855,-0.6283557776248816,2.3140283028293704
12,761,98714360,person,313.4336985051632,479.121337890625,-7.990133285522461,-8.274286270141602,0.9659783453003973,-0.327611580873147,1.0200213289493
14,761,98714360,person,494.8891296386719,479.3748779296875,-3.263990879058838,-8.247574806213379,-0.3419370732755742,0.04967257507845887,0.3455261593500419
12,762,98714493,person,309.0866289436817,479.255859375,-8.098993301391602,-8.260110855102539,-0.8184963599183506,0.10658206796287593,0.825406583697291
14,762,98714493,person,493.52027893066406,479.4351806640625,-3.298194169998169,-8.241225242614746,-0.2571676010476019,0.04774107968896851,0.26156143775114665
12,763,98714626,person,313.4993325769901,479.01190185546875,-7.991840362548828,-8.285821914672852,0.8056611943065671,-0.19331623737077067,0.8285294971470094
14,763,98714626,person,492.43115234375,479.6859130859375,-3.320721387863159,-8.214838981628418,-0.16937757793225738,0.198392939746828,0.2608611171631112
12,764,98714760,person,267.59053134918213,479.542724609375,-9.168670654296875,-8.229905128479004,-8.782315610060051,0.4172894492078183,8.792223720943673
14,764,98714760,person,493.96424865722656,479.72540283203125,-3.27997088432312,-8.210685729980469,0.3041082353734258,0.03099441528320312,0.30568361519827425
12,765,98714993,person,316.22252774238586,479.0549621582031,-7.919648170471191,-8.281282424926758,5.3606115185651655,-0.22050341823070344,5.365144696131219
14,765,98714993,person,501.09716796875,479.4284973144531,-3.1013505458831787,-8.241929054260254,0.7666108945920231,-0.13409152051409937,0.7782498310831587
12,766,98715026,person,318.6276512145996,479.4294128417969,-7.845485210418701,-8.241832733154297,2.247362425833037,1.1954452052260889,2.5455308113916435
12,767,98715260,person,321.0827088356018,479.70782470703125,-7.773077487945557,-8.21253490447998,0.30943471142369455,0.1252043960440872,0.33380530466520414
12,768,98715393,person,319.95516872406006,479.4893493652344,-7.809119701385498,-8.235523223876953,-0.270994086014597,-0.1728445067441553,0.3214234250432242
14,768,98715393,person,512.1121215820312,480.0,-2.8022825717926025,-8.181818008422852,0.7476699352264404,0.15027761459350586,0.7626229038584036
12,769,98715526,person,319.16216492652893,479.8334045410156,-7.819109916687012,-8.199328422546387,-0.07511440076326069,0.2721413633877173,0.2823173655100751
14,769,98715526,person,514.1105499267578,479.7090759277344,-2.7568020820617676,-8.212403297424316,0.34195856940477415,-0.22996457895838227,0.41209145922339346
12,770,98715660,person,318.6232397556305,480.0,-7.827968120574951,-8.181818008422852,-0.06610599916372725,0.13067473226518772,0.14644414900573258
14,770,98715660,person,514.5465240478516,479.21136474609375,-2.756471872329712,-8.264799118041992,0.002464251731758687,-0.391013586699073,0.39102135174421226
12,771,98715893,person,323.242253780365,479.79864501953125,-7.714169979095459,-8.202982902526855,0.4884040406845158,-0.090836455381991,0.49677939629510265
14,771,98715893,person,515.4661254882812,478.935791015625,-2.738640069961548,-8.293848037719727,0.07653134063589725,-0.12467347501173551,0.14628917072370592
12,772,98715926,person,321.74189376831055,480.0,-7.746963977813721,-8.181818008422852,-0.9937575369170217,0.6413604273940577,1.1827498636679161
14,772,98715926,person,514.91259765625,479.4125671386719,-2.742504596710205,-8.243606567382812,-0.1171068711714311,1.522468798088305,1.5269660311965063
12,773,98716160,person,300.63776111602783,479.607421875,-8.307568550109863,-8.22309684753418,-2.3957460354536004,-0.17640529534755608,2.4022318569651646
14,773,98716160,person,514.5135803222656,479.79364013671875,-2.74446177482605,-8.203509330749512,-0.00836400904207148,0.17135571210812298,0.17155971764763947
12,774,98716393,person,295.974515914917,479.36383056640625,-8.436555862426758,-8.248738288879395,-0.5535936150939679,-0.1100491044859006,0.5644259881250658
14,774,98716393,person,514.0975189208984,479.42449951171875,-2.763432741165161,-8.242350578308105,-0.08142045639103573,-0.16670063329868562,0.18552194441927186
12,775,98716426,person,317.874915599823,479.2123718261719,-7.871779441833496,-8.264692306518555,17.114436987674598,-0.4834550799745502,17.121264036847208
14,775,98716426,person,513.5753021240234,479.2105712890625,-2.781749725341797,-8.26488208770752,-0.5550601265647195,-0.6827730121034564,0.8799265481611912
12,776,98716660,person,323.5769729614258,479.0679016113281,-7.727912902832031,-8.279918670654297,0.6148142692370292,-0.06506993220402643,0.6182480745902076
14,776,98716660,person,513.9232330322266,479.1709899902344,-2.7735776901245117,-8.26905345916748,0.03492322742429554,-0.017826373760516826,0.03920983824474045
12,777,98716793,person,325.3312044143677,479.570556640625,-7.666872501373291,-8.22697639465332,0.4589503869078213,0.3980622255712523,0.6075269484307486
14,777,98716793,person,514.363037109375,479.6124267578125,-2.752375602722168,-8.222570419311523,0.1594141909950658,0.3494965402703536,0.3841363246967907
12,778,98716926,person,293.94283723831177,479.58404541015625,-8.482329368591309,-8.225556373596191,-6.131254640736974,0.010676850053600799,6.131263936961591
14,778,98716926,person,500.2019805908203,479.8806457519531,-3.1143476963043213,-8.194361686706543,-2.721594688587619,0.2120957338720336,2.7298465614893184
12,779,98717160,person,243.2264199256897,480.0,-9.78632640838623,-8.181818008422852,-5.5726369222005205,0.18691609048435828,5.57577078900796
14,779,98717160,person,508.4019775390625,480.0,-2.8986499309539795,-8.181818008422852,0.9217853220100076,0.05360546275081797,0.923342691263554
12,780,98717393,person,240.89236164093018,479.4025573730469,-9.867505073547363,-8.244660377502441,-0.3484062882452052,-0.2697097385390122,0.4406021842337863
12,781,98717526,person,237.73168897628784,479.66302490234375,-9.940682411193848,-8.217247009277344,-0.5502055462141682,0.20611555056464403,0.5875455414428719
14,781,98717526,person,477.28997802734375,477.2206115722656,-3.773040533065796,-8.475279808044434,-2.389045360961247,-0.8018081956873826,2.520006769713508
12,782,98717760,person,242.18678641319275,479.66107177734375,-9.824965476989746,-8.217453002929688,0.49451681283804083,-0.0008803147536057691,0.49451759638415227
14,782,98717760,person,471.50213623046875,478.386474609375,-3.8959124088287354,-8.351837158203125,-0.5250934861664079,0.5275326916295239,0.7443211067491516
12,783,98717893,person,248.00408458709717,479.3797607421875,-9.683371543884277,-8.247060775756836,1.064616038386983,-0.22261483328683035,1.0876417945215773
14,783,98717893,person,501.4232940673828,479.0953369140625,-3.1004369258880615,-8.277026176452637,5.981018668726871,0.5624885845901374,6.0074102343234035
12,784,98718026,person,250.71489715576172,479.16387939453125,-9.620227813720703,-8.26980209350586,0.4747648884479264,-0.1709873514964168,0.5046170564643363
14,784,98718026,person,511.0767364501953,479.5780029296875,-2.838557720184326,-8.226192474365234,1.9690165842386116,0.38220828637144616,2.0057690503090546
12,785,98718260,person,233.85546827316284,478.9468078613281,-10.066323280334473,-8.292686462402344,-1.9063908829648268,-0.09779644827557425,1.908897677704787
14,785,98718260,person,488.83164978027344,479.4644470214844,-3.419414520263672,-8.238144874572754,-2.482294017433101,-0.05107863336546808,2.4828194891636097
12,786,98718393,person,243.99643516540527,479.1146545410156,-9.796675682067871,-8.27499008178711,2.0274255508767034,0.13305549334762687,2.0317869299357363
12,787,98718526,person,229.8049864768982,478.6398010253906,-10.18247127532959,-8.325080871582031,-2.900718746328712,-0.3766224796610667,2.9250664500979915
12,788,98718760,person,224.00726413726807,478.86712646484375,-10.325397491455078,-8.301091194152832,-0.6107957954080695,0.10251998901367188,0.6193398516449105
14,788,98718760,person,510.4838562011719,478.7380065917969,-2.8727054595947266,-8.314714431762695,1.0934181213378906,-0.1531391143798828,1.1040900218836944
12,789,98718893,person,218.41641426086426,479.762939453125,-10.439132690429688,-8.206737518310547,-0.8551518719895441,0.70942613415252,1.1111121293487038
14,789,98718893,person,512.4267425537109,478.6724853515625,-2.8235881328582764,-8.321630477905273,0.3693032085447383,-0.05200034693667763,0.37294623730904336
12,790,98719026,person,218.32479906082153,479.42926025390625,-10.453335762023926,-8.241848945617676,-0.10679001198675399,-0.2639956940385632,0.2847768128395178
12,791,98719160,person,218.61516094207764,479.95050048828125,-10.42733097076416,-8.187020301818848,0.19406560641616136,0.4091689835733442,0.4528583848314129
12,792,98719393,person,314.2713551521301,479.5448913574219,-7.955153465270996,-8.229677200317383,10.610203886236755,-0.18307681759027963,10.611783244518922
12,793,98719526,person,324.30239820480347,479.83477783203125,-7.685516834259033,-8.19918441772461,2.0273430903155103,0.2292690420509281,2.040265742371075
12,794,98719760,person,254.21369075775146,480.0,-9.500943183898926,-8.181818008422852,-7.758232263418344,0.07421542436648637,7.758587228507469
12,795,98719893,person,246.91770029067993,480.0,-9.690449714660645,-8.181818008422852,-1.4248611335467574,0.0,1.4248611335467574
12,796,98720026,person,242.66722297668457,479.54913330078125,-9.816322326660156,-8.229230880737305,-0.946410616537682,-0.35648776176280544,1.0113241712635421
12,797,98720260,person,239.5906069278717,479.57513427734375,-9.895400047302246,-8.226494789123535,-0.337938977102948,0.011692699204143295,0.3381412004770572
12,798,98720493,person,238.6775860786438,479.3273620605469,-9.927688598632812,-8.252578735351562,-0.13857747352174424,-0.11194826707307873,0.17814637427782548
17,798,98720493,person,486.8876495361328,479.6760559082031,-3.465017080307007,-8.215876579284668,0.0,0.0,0.0
12,799,98720626,person,234.3094198703766,479.45684814453125,-10.036782264709473,-8.238945007324219,-0.820253128395941,0.10250923328829886,0.826633738455359
17,799,98720626,person,486.08013916015625,479.936279296875,-3.4799253940582275,-8.188514709472656,-0.11209258459564438,0.20572834445121593,0.2342838006179041
12,800,98720760,person,226.29905080795288,479.7574462890625,-10.2344970703125,-8.207315444946289,-1.475483623903189,0.23604151028305737,1.4942447988810916
17,800,98720760,person,485.81822204589844,479.6113586425781,-3.494321823120117,-8.22268295288086,-0.10743603777529588,-0.25498689110599343,0.27669625376711293
12,801,98720993,person,222.85602927207947,479.2423095703125,-10.342117309570312,-8.2615385055542,-0.4618894388747317,-0.23271699831721096,0.5172031081207723
17,801,98720993,person,486.3357696533203,479.6787414550781,-3.479296922683716,-8.215593338012695,0.06448455122919042,0.030427531623021725,0.07130281921425036
12,802,98721026,person,222.0688796043396,479.21258544921875,-10.363638877868652,-8.264670372009277,-0.6521687363133286,-0.0949050440932765,0.65903795643261
17,802,98721026,person,486.1996765136719,479.7028503417969,-3.4822702407836914,-8.213057518005371,-0.09010054848410866,0.07684303052497632,0.11841858037233707
12,803,98721260,person,226.85125541687012,478.7774353027344,-10.254534721374512,-8.310553550720215,0.46625707903478897,-0.1960819603031517,0.5058100423146819
17,803,98721260,person,486.85597229003906,479.7246398925781,-3.4647068977355957,-8.210765838623047,0.07505702157305856,0.009793501633864183,0.0756932570422959
12,804,98721393,person,225.67763900756836,479.2254943847656,-10.269323348999023,-8.263310432434082,-0.11119268890610315,0.3552114156852091,0.3722082265335626
17,804,98721393,person,486.3834533691406,479.72760009765625,-3.476916551589966,-8.210454940795898,-0.09180190867947456,0.0023375776477326127,0.091831665053258
12,805,98721526,person,231.21119832992554,478.8268127441406,-10.139323234558105,-8.305343627929688,0.9774444694805862,-0.3160390638767328,1.0272674339305545
17,805,98721526,person,484.7458190917969,479.6592712402344,-3.52107310295105,-8.217641830444336,-0.33200414557206004,-0.05403676427396616,0.3363728951182509
12,806,98721660,person,230.6273810863495,478.48773193359375,-10.166382789611816,-8.341139793395996,-0.20193697801276816,-0.2671355631814074,0.334873038934425
17,806,98721660,person,483.4462127685547,479.9739685058594,-3.547461986541748,-8.184553146362305,-0.196931967094763,0.2469304782241138,0.3158430951276319
12,807,98721893,person,251.34134984016418,479.74200439453125,-9.584298133850098,-8.208939552307129,2.4982174067026555,0.5673830089650952,2.5618379515524445
17,807,98721893,person,485.4903564453125,479.65496826171875,-3.501823663711548,-8.218094825744629,0.195872630172533,-0.14395570550353742,0.24308297430656695
12,808,98721926,person,257.79842138290405,479.6451110839844,-9.419767379760742,-8.219131469726562,4.985780426950165,-0.30884598240707856,4.995337056356494
17,808,98721926,person,485.2891387939453,479.57421875,-3.508943796157837,-8.226591110229492,-0.21576158928148673,-0.2574631662079782,0.33591717039042523
12,809,98722160,person,227.7134999036789,478.9878845214844,-10.22470474243164,-8.288354873657227,-3.4399032592773438,-0.2958265125242054,3.4526001446300043
17,809,98722160,person,483.6047668457031,479.4866943359375,-3.554781436920166,-8.23580265045166,-0.19588735368516708,-0.039365556504991316,0.19980365955789048
12,810,98722293,person,230.003502368927,479.2858581542969,-10.154702186584473,-8.256950378417969,0.526335006369684,0.2361240243553219,0.5768735509692986
17,810,98722293,person,483.66798400878906,479.6400146484375,-3.5495378971099854,-8.219667434692383,0.03942511135474183,0.1213174117238898,0.1275627445327106
12,811,98722326,person,228.42460584640503,479.5848388671875,-10.185300827026367,-8.225473403930664,-0.9272315285422584,0.9538477117365056,1.330257029565257
17,811,98722326,person,482.8378601074219,479.59185791015625,-3.5722451210021973,-8.22473430633545,-0.6880976937033914,-0.15354156494140625,0.7050201757712912
12,812,98722560,person,234.8960316181183,479.93634033203125,-10.004905700683594,-8.188508033752441,0.7709193433451856,0.15797166742830193,0.7869381688886683
17,812,98722560,person,483.7550811767578,479.6920471191406,-3.546052932739258,-8.214194297790527,0.11193242847410022,0.04504277155949519,0.12065537623276648
12,813,98722793,person,227.9589285850525,479.458984375,-10.201810836791992,-8.238719940185547,-0.8450864210660877,-0.21550174434809213,0.8721307590535717
17,813,98722793,person,483.60374450683594,479.62890625,-3.5514674186706543,-8.220836639404297,-0.023238137044620102,-0.028507903921757644,0.03677922782382346
12,814,98722826,person,229.2008786201477,479.4669189453125,-10.169244766235352,-8.237884521484375,0.9868506229285038,0.025315718217329544,0.9871752820868416
17,814,98722826,person,485.30784606933594,479.6082763671875,-3.507659435272217,-8.223007202148438,1.3275146484375,-0.06577462861032196,1.329143123815101
12,815,98723060,person,247.30863428115845,479.407958984375,-9.700491905212402,-8.244091987609863,2.0032173547989283,-0.026527633014907185,2.0033929933692463
17,815,98723060,person,488.25086975097656,479.6307373046875,-3.4306435585021973,-8.220643997192383,0.329127678504357,0.010099166478866186,0.3292825867264092
12,816,98723193,person,266.0347180366516,479.1075744628906,-9.223609924316406,-8.275736808776855,3.5855788037292937,-0.23793098621798636,3.5934644164031257
17,816,98723193,person,486.8881530761719,479.5346374511719,-3.468303680419922,-8.230756759643555,-0.2831588114114632,-0.07603580790354793,0.2931899666828622
12,817,98723326,person,266.0264148712158,479.40155029296875,-9.214030265808105,-8.244766235351562,0.07202750758120888,0.23286145432551103,0.24374662820017257
17,817,98723326,person,498.1205291748047,479.19500732421875,-3.184077739715576,-8.266522407531738,2.137037148152975,-0.2689146457758165,2.153890168810502
12,818,98723460,person,268.46222734451294,479.4078674316406,-9.150486946105957,-8.244101524353027,0.47420387837424205,0.004960529839814599,0.4742298231042251
17,818,98723460,person,503.50770568847656,478.9393615722656,-3.049741506576538,-8.293471336364746,1.002509202530135,-0.20111140920155082,1.0224825182215298
12,819,98723693,person,266.7221007347107,479.7718811035156,-9.183627128601074,-8.20579719543457,-0.14223254289749865,0.16439626145260527,0.21738497427072126
17,819,98723693,person,509.04676818847656,478.6278991699219,-2.9125819206237793,-8.326337814331055,0.5886677508702094,-0.1410578453489639,0.6053321705056515
12,820,98723726,person,267.75637006759644,479.624755859375,-9.161635398864746,-8.221273422241211,0.6664160526160038,-0.46897656989820075,0.8148922495016002
17,820,98723726,person,510.09857177734375,478.96990966796875,-2.8775522708892822,-8.290249824523926,1.0615045374090022,1.093575448700876,1.5240404013480817
12,821,98723960,person,272.0967650413513,479.96038818359375,-9.037753105163574,-8.185980796813965,0.5294115115434695,0.15082318558652175,0.5504763227108025
17,821,98723960,person,509.02638244628906,478.8708190917969,-2.907670259475708,-8.300701141357422,-0.12870935293344352,-0.044663747151692704,0.13623856958356567
12,822,98724093,person,270.5787386894226,480.0,-9.07587718963623,-8.181818008422852,-0.28664725167410715,0.031299160835438204,0.2883509742680291
17,822,98724093,person,509.6253204345703,478.8921813964844,-2.8916051387786865,-8.298447608947754,0.12079038118061265,0.01694385270427044,0.12197299016676486
12,823,98724226,person,274.7140007019043,479.84912109375,-8.973424911499023,-8.197676658630371,0.7703178807308799,-0.11923797148510926,0.7794917133732712
17,823,98724226,person,509.25062561035156,478.7654724121094,-2.9041929244995117,-8.311816215515137,-0.0946450054197383,-0.10051583885250234,0.13806198213528775
12,824,98724360,person,285.0724802017212,479.4952697753906,-8.715773582458496,-8.234899520874023,1.9227711122427413,-0.277782554057107,1.9427330998914076
17,824,98724360,person,508.9203338623047,478.7198181152344,-2.9138126373291016,-8.316634178161621,-0.07178890171335704,-0.03595494512301772,0.0802895042207215
12,825,98724593,person,298.29959630966187,479.1898193359375,-8.38164234161377,-8.267068862915039,1.4340396602777963,-0.13806584566959496,1.4406706511170824
17,825,98724593,person,507.5128479003906,479.2167053222656,-2.9392945766448975,-8.264236450195312,-0.10936454641972489,0.22488295264510125,0.25006588412650577
12,826,98724726,person,274.3926000595093,479.2253723144531,-9.002304077148438,-8.263322830200195,-4.666629590486225,0.028165659510103382,4.666714587284856
17,826,98724726,person,507.33177185058594,479.8643798828125,-2.929483413696289,-8.19607162475586,0.07376814247073983,0.5125174845071663,0.5177991027117919
12,827,98724860,person,251.7338891029358,479.6348876953125,-9.577731132507324,-8.220207214355469,-4.294231756409602,0.32175832719945197,4.30626924365847
17,827,98724860,person,501.6239471435547,479.5188903808594,-3.085603713989258,-8.232413291931152,-1.1650768678579757,-0.2712064714574102,1.1962261735048811
12,828,98724993,person,247.6130609512329,479.8428955078125,-9.677741050720215,-8.198330879211426,-0.7519542722773731,0.16448372288754112,0.7697337998887273
17,828,98724993,person,504.4671173095703,479.5526428222656,-3.0109333992004395,-8.228861808776855,0.5614309382617921,0.026702880859375,0.5620656031849897
12,829,98725126,person,311.66694164276123,479.4378967285156,-8.026196479797363,-8.24094009399414,12.417628352803394,-0.320370035960262,12.421760377188408
12,830,98725260,person,316.67566680908203,478.24273681640625,-7.933122634887695,-8.367029190063477,0.6945809321617012,-0.940963403502507,1.1695532472075136
12,831,98725393,person,328.057279586792,479.0592346191406,-7.611617565155029,-8.280832290649414,2.4173313513734285,0.6480969880756579,2.5027026527907035
12,832,98725426,person,336.6082878112793,479.1656188964844,-7.385943412780762,-8.26961898803711,6.838610678008108,0.3397970488577178,6.847047395759645
12,833,98725660,person,332.0293998718262,479.105224609375,-7.506881237030029,-8.275983810424805,-0.5168283087575537,-0.02720009567391159,0.5175435691203817
12,834,98725893,person,322.2476987838745,479.9959716796875,-7.733949184417725,-8.182241439819336,-0.974540546728306,0.40232777083892163,1.054322963994298
12,835,98725926,person,318.08859729766846,480.0,-7.841854572296143,-8.181818008422852,-3.2698602387399385,0.012831254438920454,3.269885414197703
12,836,98726060,person,323.9768772125244,480.0,-7.688912391662598,-8.181818008422852,1.1413595569667532,0.0,1.1413595569667532
12,837,98726293,person,325.8692512512207,480.0,-7.639759540557861,-8.181818008422852,0.21095644250959797,0.0,0.21095644250959797
12,838,98726426,person,325.892596244812,479.8647155761719,-7.643286228179932,-8.196036338806152,-0.02651644828624295,-0.10690473972406601,0.11014420277612115
12,839,98726560,person,318.2241268157959,479.3505859375,-7.858416557312012,-8.250133514404297,-1.6054502174035825,-0.403710265657795,1.6554311762071832
12,840,98726693,person,291.13279151916504,479.4504089355469,-8.55966854095459,-8.239622116088867,-5.272571305583294,0.07903307004082472,5.273163604385928
12,841,98726826,person,313.4111919403076,479.9827575683594,-7.963881969451904,-8.183629989624023,4.479598281975079,0.4209934320664943,4.499337310951159
12,842,98727060,person,301.45911693573,480.0,-8.273789405822754,-8.181818008422852,-1.3243907537215796,0.007743509406717414,1.3244133910834432
12,843,98727293,person,329.889347076416,479.39154052734375,-7.553836822509766,-8.245820999145508,3.0899252502703356,-0.2746909473075375,3.102111082600188
12,844,98727426,person,317.84716415405273,479.20928955078125,-7.872596740722656,-8.26501750946045,-2.396691114382636,-0.14433466402211584,2.4010332761124027
12,845,98727560,person,337.0510368347168,480.0,-7.3493242263793945,-8.181818008422852,3.905018763755684,0.6208917987880421,3.9540710882691807
12,846,98727793,person,341.5561637878418,479.951171875,-7.2337646484375,-8.186949729919434,0.4959638538278735,-0.02202455577932202,0.49645264160952224
12,847,98727826,person,341.91223335266113,479.20452880859375,-7.246815204620361,-8.265519142150879,-0.3954713994806463,-2.380891279740767,2.4135121532225208
12,848,98728060,person,336.40017318725586,479.0819091796875,-7.393881320953369,-8.278441429138184,-0.6284876766367855,-0.055223448663695246,0.6309091764799561
12,849,98728193,person,336.40663146972656,479.16668701171875,-7.3911566734313965,-8.269506454467773,0.020486071593779367,0.0671802606797756,0.0702343687545354
12,850,98728326,person,342.5469455718994,479.0245361328125,-7.235686302185059,-8.284490585327148,1.1689501597469014,-0.11266263804041353,1.174366785115507
12,851,98728560,person,340.7264881134033,479.0889587402344,-7.281119346618652,-8.277698516845703,-0.1941583095452724,0.029025933681390222,0.19631595450078498
12,852,98728793,person,343.77973556518555,479.9812927246094,-7.175108909606934,-8.183783531188965,0.4549804163593079,0.4030686079688338,0.6078416586582583
12,853,98729026,person,340.53068923950195,479.419189453125,-7.276318073272705,-8.24290943145752,-0.4343740929861437,-0.2537592286204064,0.503065203296311
12,854,98729060,person,339.03145027160645,479.40234375,-7.3158040046691895,-8.244683265686035,-1.1613509234260109,-0.05217159495634191,1.1625221901807883
17,854,98729060,person,524.4323272705078,479.26422119140625,-2.498201370239258,-8.25922966003418,0.12607131275170436,-0.007466892367180776,0.12629224196505942
12,855,98729193,person,332.6156196594238,479.38177490234375,-7.483245372772217,-8.246849060058594,-1.25895765490998,-0.01628416821472627,1.259062965459187
17,855,98729193,person,525.9875640869141,479.0675964355469,-2.4620022773742676,-8.279950141906738,0.2721736305638363,-0.15579309678615483,0.31360799444612353
12,856,98729426,person,309.44614696502686,479.35272216796875,-8.0866060256958,-8.249908447265625,-2.5895306992428497,-0.013130417197559013,2.589563988430667
17,856,98729426,person,524.8638458251953,479.7652893066406,-2.476140022277832,-8.206490516662598,-0.0606770167534955,0.31527736156283526,0.3210631013930544
12,857,98729560,person,307.48483657836914,478.9669494628906,-8.149744033813477,-8.290562629699707,-0.4711791650572819,-0.3033894211498659,0.5604060549723995
12,858,98729693,person,312.9082489013672,478.86944580078125,-8.011669158935547,-8.300846099853516,1.038156953969396,-0.07731932446472627,1.0410322468639943
17,858,98729693,person,521.7964477539062,479.4111633300781,-2.563551902770996,-8.243754386901855,-0.3273853201991163,-0.13956505707587194,0.35589261447586873
12,859,98729826,person,306.8345489501953,478.970947265625,-8.166539192199707,-8.290141105651855,-1.1644363403320312,0.08048867820797109,1.167214812279865
17,859,98729826,person,520.625,479.10321044921875,-2.600736379623413,-8.276196479797363,-0.27958253272493977,-0.24392551049253994,0.3710337548983087
12,860,98729960,person,288.2825746536255,479.3265075683594,-8.637773513793945,-8.252669334411621,-3.516674041748047,0.27964008388234607,3.5277747791516214
17,860,98729960,person,519.8191375732422,478.8476257324219,-2.6272971630096436,-8.30314826965332,-0.1982148013897796,-0.20113276011908232,0.2823889067989571
12,861,98730193,person,322.79588317871094,479.1748046875,-7.744943141937256,-8.268651008605957,3.831890007968624,-0.0685908763705405,3.8325038475507185
17,861,98730193,person,522.0237121582031,479.1381530761719,-2.563589096069336,-8.272513389587402,0.2734251800013202,0.13148017195672948,0.30339473409491724
12,862,98730226,person,326.9402828216553,479.0740966796875,-7.640223503112793,-8.279265403747559,3.1733223886200874,-0.32164833762428974,3.1895818903445585
17,862,98730226,person,522.4212951660156,479.05169677734375,-2.555129289627075,-8.28162670135498,0.2563577709775982,-0.27616096265388257,0.3768078874367173
12,863,98730460,person,309.2838592529297,479.75836181640625,-8.078112602233887,-8.207219123840332,-1.8713209364149304,0.30789008507361776,1.8964805170503312
12,864,98730693,person,335.08206367492676,479.03350830078125,-7.429636001586914,-8.283544540405273,2.7831613761672647,-0.32757689512850385,2.8023728995284145
17,864,98730693,person,521.7717590332031,479.658935546875,-2.55880069732666,-8.217677116394043,-0.007861686722880002,0.13693701276432013,0.13716250064410565
12,865,98730726,person,333.68297958374023,479.06671142578125,-7.465030670166016,-8.280043601989746,-1.072565714518229,0.10608904289476799,1.0777996553081315
17,865,98730726,person,521.8102264404297,479.5020751953125,-2.561213731765747,-8.234183311462402,-0.07312225572990648,-0.5001877293442235,0.5055043312075179
12,866,98730960,person,339.1269187927246,478.9073791503906,-7.328189373016357,-8.296844482421875,0.5847918681609324,-0.0717986343253372,0.5891829706959774
12,867,98731093,person,339.3774757385254,479.8827209472656,-7.292408466339111,-8.194144248962402,0.2690293735131285,0.7721822064622004,0.81770542604883
17,867,98731093,person,512.0908203125,480.0,-2.8028359413146973,-8.181818008422852,-0.6583711431851504,0.1426847494265689,0.6736553272244231
12,868,98731326,person,322.06936264038086,479.09954833984375,-7.766159534454346,-8.276582717895508,-2.0332663867606624,-0.35381317138671875,2.0638207189040156
12,869,98731460,person,326.673415184021,480.0,-7.61887264251709,-8.181818008422852,1.0991559099795212,0.7071993244228078,1.3070097929652191
12,870,98731593,person,325.7344980239868,480.0,-7.6432600021362305,-8.181818008422852,-0.18336360615895206,0.0,0.18336360615895206
17,870,98731593,person,505.39093017578125,480.0,-2.9768588542938232,-8.181818008422852,-0.34804582595825195,0.0,0.34804582595825195
12,871,98731726,person,325.2573232650757,480.0,-7.655653953552246,-8.181818008422852,-0.09318760463169642,0.0,0.09318760463169642
17,871,98731726,person,501.39512634277344,479.7633056640625,-3.0860090255737305,-8.20669937133789,-0.8206779795481746,-0.18707791665442902,0.8417306534842577
12,872,98731860,person,324.1168098449707,479.9537658691406,-7.68669319152832,-8.186676979064941,-0.2316361042990613,-0.03626097494096898,0.23445712426479
12,873,98732093,person,322.41916275024414,480.0,-7.729372501373291,-8.181818008422852,-0.1831730036264837,0.02085395125360448,0.1843562761080716
12,874,98732226,person,331.08605003356934,479.1170959472656,-7.531060218811035,-8.27473258972168,1.4910697937011719,-0.6986058744272791,1.646614495706982
12,875,98732260,person,329.9071521759033,478.91461181640625,-7.567896842956543,-8.29608154296875,-1.0834301219267002,-0.627910389619715,1.2522349166552125
12,876,98732393,person,328.8109722137451,479.1152648925781,-7.590299606323242,-8.27492618560791,-0.16844182982480616,0.15906283729954768,0.23167571354052485
12,877,98732626,person,330.5033254623413,479.2865905761719,-7.54106330871582,-8.256874084472656,0.21131458200610245,0.07747682890666913,0.22507001485281658
12,878,98732660,person,328.1358594894409,479.2048034667969,-7.605128288269043,-8.265490531921387,-1.8842641045065487,-0.25342492496266084,1.901229972445258
12,879,98732793,person,315.50545597076416,479.0386657714844,-7.9388108253479,-8.283000946044922,-2.5088912562320105,-0.1316572490491365,2.5123433218460853
12,880,98733026,person,316.46147060394287,478.6272888183594,-7.926729679107666,-8.326401710510254,0.0518504130482162,-0.18626937538769112,0.193351352569852
12,881,98733060,person,327.16394424438477,479.5646057128906,-7.619415283203125,-8.2276029586792,9.038658703074734,2.9058456420898438,9.494276699481702
12,882,98733193,person,328.1407766342163,479.575927734375,-7.5936784744262695,-8.226410865783691,0.19350984042748473,0.00896310447750235,0.1937173084268549
12,883,98733426,person,327.12432956695557,479.85760498046875,-7.611502647399902,-8.196784019470215,-0.07649859645335971,0.1271538468389552,0.1483918327445229
12,884,98733460,person,324.0788698196411,480.0,-7.686263561248779,-8.181818008422852,-2.1988504073199104,0.4401767955106847,2.242476025530037
12,885,98733693,person,325.68847846984863,479.2244567871094,-7.668182373046875,-8.263419151306152,0.07760166610259354,-0.3502194973532222,0.3587139736729558
12,886,98733826,person,326.58183097839355,479.65216064453125,-7.631871700286865,-8.218390464782715,0.27301257714293053,0.33856155280780076,0.43492504218296496
12,887,98733960,person,324.21568489074707,479.6477966308594,-7.69350004196167,-8.218849182128906,-0.4599129975731693,-0.0034232637775478076,0.459925737561651
17,887,98733960,person,480.2368469238281,479.6606750488281,-3.6382253170013428,-8.217494010925293,-0.24718723877690793,-0.004831978329186367,0.24723446165275142
12,888,98734093,person,322.79155826568604,479.5152282714844,-7.734586715698242,-8.232799530029297,-0.308922358921596,-0.1048898338375235,0.3262436222888451
17,888,98734093,person,487.35523986816406,479.35943603515625,-3.4602489471435547,-8.249200820922852,1.3381681944194592,-0.23839706765081647,1.3592377563989104
12,889,98734226,person,321.96435165405273,479.78515625,-7.747787952423096,-8.204401969909668,-0.09925741898386102,0.21351548962126995,0.23545891261863156
17,889,98734226,person,491.4746398925781,479.49566650390625,-3.3499796390533447,-8.234858512878418,0.8290925420316538,0.10783690258972627,0.8360760975010921
12,890,98734360,person,236.22316551208496,479.4513854980469,-9.98721694946289,-8.239520072937012,-16.712156694326826,-0.2620753957264459,16.7142114647619
17,890,98734360,person,491.00982666015625,479.6866455078125,-3.3576419353485107,-8.214762687683105,-0.057181315635567276,0.14996884474113806,0.1605003341143125
12,891,98734593,person,223.02845573425293,479.8543701171875,-10.316072463989258,-8.197124481201172,-1.411397058053078,0.18195532933836842,1.4230774389876037
17,891,98734593,person,488.00262451171875,479.8191833496094,-3.432708978652954,-8.200823783874512,-0.3221761515212161,0.059823621496110514,0.3276832896226652
12,892,98734626,person,221.30707550048828,479.571044921875,-10.3707914352417,-8.226924896240234,-1.658150644013376,-0.9030428799715908,1.8881075184716993
17,892,98734626,person,487.8755645751953,479.586669921875,-3.4414243698120117,-8.22528076171875,-0.26410276239568536,-0.7411205407344933,0.7867718379578793
12,893,98734860,person,222.05309677124023,479.6916198730469,-10.347147941589355,-8.214239120483398,0.10104057116386217,0.054212716909555286,0.11466566921199682
17,893,98734860,person,486.7478332519531,479.80633544921875,-3.465610980987549,-8.202174186706543,-0.10336158622024405,0.0987460470607138,0.1429489395416477
12,894,98734993,person,225.46159172058105,479.0927429199219,-10.279610633850098,-8.277299880981445,0.5077993063102091,-0.4741410563762923,0.6947444687298747
17,894,98734993,person,487.9927673339844,479.36529541015625,-3.4435343742370605,-8.248583793640137,0.1659895244397615,-0.34894441303453944,0.38641263645455154
12,895,98735226,person,225.68475151062012,479.0272216796875,-10.276108741760254,-8.284207344055176,0.015029579784737124,-0.029645764264937632,0.033237924233592446
17,895,98735226,person,488.54774475097656,479.5953063964844,-3.4237515926361084,-8.224371910095215,0.08490464206417231,0.10391366328292649,0.13418959594887617
12,896,98735260,person,306.55195713043213,479.4571228027344,-8.158576965332031,-8.23891544342041,62.280346365535955,1.33211472455193,62.29459104168271
17,896,98735260,person,487.5823516845703,479.9564514160156,-3.4404332637786865,-8.186394691467285,-0.4906373865464154,1.1169770184685202,1.2199847150124141
12,897,98735393,person,317.11544036865234,479.62237548828125,-7.878822326660156,-8.22152328491211,2.1034183358787595,0.13076810908496828,2.1074792986087973
17,897,98735393,person,487.40757751464844,479.9251708984375,-3.4457008838653564,-8.189682006835938,-0.03960616606518738,-0.02471665690716048,0.04668577426850158
12,898,98735526,person,323.7465305328369,479.92327880859375,-7.697246551513672,-8.189881324768066,1.3652313920788297,0.23790947476724036,1.3858057844090288
12,899,98735660,person,320.865779876709,479.9580993652344,-7.77100944519043,-8.1862211227417,-0.5504693557967001,0.027314940495277516,0.5511466389677928
17,899,98735660,person,489.7353973388672,479.7444763183594,-3.3894200325012207,-8.20867919921875,0.21078970548365444,-0.07115053326896068,0.22247403965933477
12,900,98735793,person,320.0618209838867,479.9745788574219,-7.791385173797607,-8.184489250183105,-0.15320096697126115,0.013021598184915413,0.15375336841909787
17,900,98735793,person,491.3403015136719,479.53167724609375,-3.3526387214660645,-8.231067657470703,0.2765512107906485,-0.1683342725710761,0.32375453589379566
12,901,98735926,person,321.6340789794922,479.7062683105469,-7.758796215057373,-8.212697982788086,0.24502976496416823,-0.2120957338720336,0.32407435264937584
12,902,98736060,person,320.3470973968506,479.51434326171875,-7.798159599304199,-8.232892036437988,-0.2937565988569117,-0.15070189290971897,0.330157538000502
12,903,98736293,person,328.9964179992676,479.229248046875,-7.581999778747559,-8.262914657592773,0.9277245517452387,-0.12885245130809078,0.9366300220038903
12,904,98736526,person,323.56552505493164,479.747314453125,-7.7073445320129395,-8.208381652832031,-0.5379603144436946,0.23404723073279907,0.586668054465258
12,905,98736560,person,323.5280876159668,479.784423828125,-7.707179546356201,-8.20447826385498,0.004852519315831801,0.11480555814855238,0.11490806379672039
12,906,98736793,person,317.7048759460449,479.5730895996094,-7.865028381347656,-8.226709365844727,-0.6774628111221248,-0.09541245489161414,0.6841486658628635
12,907,98736926,person,320.3441410064697,479.535400390625,-7.797586917877197,-8.23067569732666,0.5070786727102179,-0.029822041217545815,0.5079548547459087
12,908,98736960,person,325.1947269439697,479.328857421875,-7.677824020385742,-8.252421379089355,3.522438161513384,-0.6395788753733915,3.5800323657070034
17,908,98736960,person,467.2063751220703,478.98907470703125,-3.993161201477051,-8.288228988647461,-0.5488624507377775,-0.0489814320280701,0.5510437101658994
12,909,98737193,person,331.2940082550049,479.4770812988281,-7.514716148376465,-8.236814498901367,0.7000337854475422,0.06698231840338317,0.7032310656865977
17,909,98737193,person,473.6611328125,479.2801513671875,-3.8182337284088135,-8.257552146911621,0.7507616869881429,0.13166026496068603,0.7622188242354031
12,910,98737326,person,330.9092197418213,479.9620666503906,-7.5100016593933105,-8.18580436706543,0.03544728558762629,0.3835348258341165,0.3851694077716153
12,911,98737460,person,332.30508041381836,480.0,-7.47259521484375,-8.181818008422852,0.2791525712653772,0.029748945093866604,0.2807332502185471
17,911,98737460,person,489.83131408691406,479.3207092285156,-3.396763324737549,-8.253279685974121,1.5785408377200922,0.016001726357677902,1.5786219406800592
12,912,98737593,person,331.71839141845703,479.96905517578125,-7.488771438598633,-8.185070037841797,-0.12162574251791587,-0.02445134901462641,0.12405921856786556
17,912,98737593,person,493.7831115722656,479.47906494140625,-3.290349245071411,-8.236605644226074,0.8001058621514112,0.12536873494772086,0.8098683290211101
12,913,98737826,person,335.6405487060547,480.0,-7.385959148406982,-8.181818008422852,0.4412544643418471,0.013957207806632241,0.4414751476033141
17,913,98737826,person,493.8561553955078,479.1952819824219,-3.294989824295044,-8.26649284362793,-0.019916649028467005,-0.1282712420680492,0.12980826033116388
12,914,98737860,person,330.9151153564453,479.9668884277344,-7.509702682495117,-8.185297966003418,-3.6395157084745517,-0.10235169354607077,3.640954608533972
17,914,98737860,person,495.18931579589844,479.4159240722656,-3.255241632461548,-8.243252754211426,1.1690644656910616,0.6835320416618795,1.354225895823878
12,915,98738093,person,330.48783111572266,479.91143798828125,-7.522483825683594,-8.191125869750977,-0.05485469179603675,-0.02501246243587379,0.06028814551090603
17,915,98738093,person,498.8249053955078,479.9434814453125,-3.1486923694610596,-8.18775749206543,0.45729297425102267,0.23817709075534804,0.5156017754624471
12,916,98738226,person,331.0892963409424,479.8948669433594,-7.50736141204834,-8.192867279052734,0.1137023581598038,-0.013093303020735431,0.11445374976423053
17,916,98738226,person,500.1333465576172,480.0,-3.1134190559387207,-8.181818008422852,0.265212883626608,0.044657771748707706,0.2689464448902428
12,917,98738260,person,334.5137233734131,479.9894714355469,-7.4155449867248535,-8.182924270629883,2.7004830977495975,0.29244142420151653,2.716271515850408
17,917,98738260,person,504.0703887939453,480.0,-3.0111591815948486,-8.181818008422852,3.0076433630550605,0.0,3.0076433630550605
12,918,98738493,person,321.10495948791504,479.038330078125,-7.793137550354004,-8.283036231994629,-1.6205689426143792,-0.42966507023496175,1.6765606968870235
17,918,98738493,person,508.0469207763672,479.39361572265625,-2.9214394092559814,-8.245601654052734,0.3850634005959965,-0.27374955205958285,0.4724538493137453
12,919,98738626,person,329.3992156982422,479.2561950683594,-7.57070255279541,-8.260075569152832,1.6724435906661184,0.17263656272027725,1.681330112365817
17,919,98738626,person,514.2806091308594,479.5195617675781,-2.7565698623657227,-8.232342720031738,1.2396206533102163,0.09969123324057212,1.2436228150441249
12,920,98738760,person,343.3112678527832,479.0420837402344,-7.215275287628174,-8.28264045715332,2.652442277367435,-0.16839468657080806,2.6577823096016395
12,921,98738893,person,352.42852783203125,479.2399597167969,-6.972245216369629,-8.261785507202148,1.8272937688612398,0.1568041349712171,1.834009284181295
12,922,98739126,person,350.2382011413574,479.3464660644531,-7.026068210601807,-8.250567436218262,-0.23099997524539798,0.04814622739865544,0.23596408153805426
17,922,98739126,person,524.4204559326172,477.5628967285156,-2.5354859828948975,-8.438986778259277,0.4421677589416504,-0.4132881164550781,0.6052432521312961
12,923,98739260,person,343.59553146362305,479.54388427734375,-7.192916393280029,-8.229783058166504,-1.2451356916285272,0.15510729889371502,1.2547594051201032
12,924,98739393,person,347.78357696533203,479.4740295410156,-7.086118221282959,-8.237135887145996,0.8029937744140625,-0.05528442841723449,0.8048946327148434
12,925,98739626,person,344.0405578613281,479.5348205566406,-7.181617736816406,-8.23073673248291,-0.409869165379602,0.027464183103373122,0.4107882837697628
12,926,98739760,person,339.10542488098145,479.4270935058594,-7.313138008117676,-8.242076873779297,-0.9814945619497726,-0.08462792012228894,0.9851362646868709
17,926,98739760,person,496.9555969238281,478.5751647949219,-3.2285966873168945,-8.331905364990234,-1.0932345495615094,0.16889812818461036,1.1062044829321664
12,927,98739893,person,336.74059295654297,479.5306396484375,-7.3715057373046875,-8.23117733001709,-0.43885510666926103,0.08195145685869948,0.446441312975123
12,928,98740126,person,334.4592227935791,479.5126953125,-7.431352138519287,-8.233065605163574,-0.2568515073587966,-0.008104185178044527,0.2569793272811764
12,929,98740160,person,334.51466941833496,479.3515319824219,-7.434780597686768,-8.250033378601074,-0.10083703433766084,-0.49905215992647056,0.5091376688296498
12,930,98740393,person,335.4026927947998,479.54803466796875,-7.405760288238525,-8.22934627532959,0.12455068432721968,0.08878585095057671,0.1529568576278839
12,931,98740526,person,335.8150405883789,479.4370422363281,-7.398387908935547,-8.241029739379883,0.05543142333066553,-0.08784559436310502,0.10387247537952794
12,932,98740560,person,336.3996391296387,479.5599365234375,-7.379487037658691,-8.228094100952148,0.5559079787310431,0.38045995375689334,0.6736345130926201
12,933,98740693,person,335.80899238586426,479.6572265625,-7.391907691955566,-8.217857360839844,-0.09338837817199247,0.07696797076920817,0.12101841885401066
12,934,98740926,person,336.55015754699707,479.4937438964844,-7.377566814422607,-8.235060691833496,0.06154883061355787,-0.07383403859936628,0.09612348207274406
17,934,98740926,person,474.3238220214844,479.0744934082031,-3.805922269821167,-8.279223442077637,-0.495133432679479,0.045181752069123206,0.4971906142285873
12,935,98740960,person,334.5401096343994,479.6954345703125,-7.423731803894043,-8.213837623596191,-1.3577938079833984,0.6242078893324907,1.4944027282171901
12,936,98741093,person,334.32286834716797,479.7148742675781,-7.428790092468262,-8.211792945861816,-0.03803224491893797,0.01537351679981203,0.041021904787176634
12,937,98741326,person,334.23097038269043,479.59130859375,-7.434911251068115,-8.22479248046875,-0.02627106695216101,-0.05579199402117422,0.061667783774542004
12,938,98741360,person,332.794132232666,479.7073059082031,-7.468746662139893,-8.212589263916016,-0.9951591491699218,0.35891813390395216,1.0579054584516039
12,939,98741593,person,332.9981288909912,479.8856201171875,-7.458051681518555,-8.193839073181152,0.04590120438342442,0.08047292160885527,0.09264346537189694
12,940,98741726,person,333.27158546447754,479.57659912109375,-7.460292816162109,-8.226340293884277,-0.016850636417704415,-0.24437008047462405,0.2449503626836586
17,940,98741726,person,464.277587890625,479.22216796875,-4.063680171966553,-8.263660430908203,-0.3221973776817322,0.019453763961791992,0.32278413702855024
12,941,98741860,person,334.9031047821045,479.7476501464844,-7.412723064422607,-8.208345413208008,0.35499814730971607,0.13429015430051888,0.37954911425978594
12,942,98741993,person,335.1692752838135,479.8536071777344,-7.40261173248291,-8.19720458984375,0.07602505217817493,0.08376558920494595,0.11312153859255088
12,943,98742226,person,334.9159870147705,479.7206726074219,-7.413202285766602,-8.211183547973633,-0.04545301838494165,-0.05999552845443267,0.07526911926433365
12,944,98742260,person,335.04835319519043,479.9288024902344,-7.403487205505371,-8.189300537109375,0.2857376547420726,0.6436179665958179,0.7041946423130719
12,945,98742493,person,332.42285346984863,479.507568359375,-7.484445095062256,-8.23360538482666,-0.34745875346302474,-0.19014956101839123,0.3960864058681715
12,946,98742626,person,330.43810081481934,479.61248779296875,-7.532852649688721,-8.222563743591309,-0.3639665761388334,0.08301985891241775,0.37331483431557194
12,947,98742760,person,332.925235748291,479.6214599609375,-7.467937469482422,-8.221619606018066,0.48444164333058826,0.007045802785389459,0.48449287830651494
12,948,98742893,person,331.67495918273926,479.4244384765625,-7.506409645080566,-8.242356300354004,-0.28926447818153783,-0.15591499500704886,0.3286083139631215
12,949,98743126,person,332.12569999694824,479.5485534667969,-7.490927696228027,-8.229291915893555,0.06644613241433074,0.05607031957274342,0.08694233289837781
12,950,98743260,person,331.4653911590576,479.7950134277344,-7.500617504119873,-8.203365325927734,-0.07231199919287838,0.19348201467030082,0.20655341979291786
12,951,98743393,person,331.5021743774414,479.7137756347656,-7.502124786376953,-8.211908340454102,-0.01133294930135397,-0.06423319192757283,0.06522529175919006
12,952,98743526,person,331.0749969482422,479.70184326171875,-7.51358699798584,-8.213163375854492,-0.08618204217208059,-0.009436356393914474,0.08669711191812128
17,952,98743526,person,464.05747985839844,478.7020568847656,-4.082104682922363,-8.318509101867676,-0.010235839419894747,-0.030471483866373696,0.032144731102445756
12,953,98743660,person,334.36341285705566,479.6115417480469,-7.430857181549072,-8.222663879394531,0.6173866898266237,-0.07089928014954523,0.6214443118259265
17,953,98743660,person,468.5413513183594,479.0549011230469,-3.956831693649292,-8.281289100646973,0.9348730542766513,0.27776120313957553,0.9752635098177821
12,954,98743893,person,334.92462730407715,479.6745300292969,-7.414369583129883,-8.216036796569824,0.07076222497506203,0.028442415556682536,0.07626443133020995
17,954,98743893,person,468.9551696777344,479.6943054199219,-3.9306163787841797,-8.213956832885742,0.11251208096614722,0.2889796899623625,0.3101100281739951
12,955,98744026,person,336.13870429992676,479.5750427246094,-7.385814189910889,-8.2265043258667,0.21470220465409126,-0.07870322779605263,0.228672767833961
17,955,98744026,person,465.66221618652344,479.2950439453125,-4.025894641876221,-8.255983352661133,-0.7163779179852707,-0.3159888704916588,0.7829727247174741
12,956,98744160,person,338.0893249511719,479.4251708984375,-7.339614391326904,-8.242280006408691,0.34477461629839085,-0.1177289592685984,0.3643207980532678
12,957,98744293,person,337.9104747772217,479.46588134765625,-7.34304141998291,-8.237993240356445,-0.025767132751923754,0.03223132370109845,0.04126503795927313
12,958,98744526,person,299.1412296295166,478.8672790527344,-8.370025634765625,-8.301074981689453,-4.407657574174742,-0.27073708726612794,4.41596465810148
12,959,98744560,person,286.87498664855957,479.37542724609375,-8.672792434692383,-8.247517585754395,-8.904905880198758,1.5752175275017233,9.043155367135249
12,960,98744793,person,295.76003646850586,479.880615234375,-8.425625801086426,-8.194365501403809,1.060801002600674,0.22812053369350185,1.0850519549824347
17,960,98744793,person,490.2914581298828,479.4105529785156,-3.3827130794525146,-8.243818283081055,0.8385678779970092,0.01586058615394801,0.8387178573284068
12,961,98745026,person,291.4188346862793,479.94842529296875,-8.53623104095459,-8.187237739562988,-0.4747006002925496,0.030591252535709493,0.47568527899211943
17,961,98745026,person,490.2673034667969,479.595947265625,-3.3790411949157715,-8.22430419921875,0.01575916110190199,0.08375143288542784,0.08522120433904948
12,962,98745060,person,333.74905014038086,480.0,-7.435089588165283,-8.181818008422852,32.38651331733254,0.15940385706284466,32.38690560154527
17,962,98745060,person,489.62005615234375,479.91583251953125,-3.3884432315826416,-8.19066333770752,-0.2765304902020623,0.9894371032714843,1.0273533439579874
12,963,98745293,person,335.8499526977539,480.0,-7.380520820617676,-8.181818008422852,0.23420071908844386,0.0,0.23420071908844386
12,964,98745526,person,330.192684173584,479.93133544921875,-7.529546737670898,-8.189034461975098,-0.6395962105288525,-0.030971903657708556,0.6403456655112538
12,965,98745560,person,334.13879013061523,480.0,-7.424966335296631,-8.181818008422852,3.075894187478458,0.21224863388959098,3.083208480649948
12,966,98745693,person,341.4793472290039,480.0,-7.234302997589111,-8.181818008422852,1.4335589301317258,0.0,1.4335589301317258
12,967,98745926,person,330.29254150390625,479.98565673828125,-7.525304317474365,-8.18332576751709,-1.2489327033701885,-0.00647106907398404,1.2489494674655686
12,968,98745960,person,324.5762367248535,479.80859375,-7.679203987121582,-8.201936721801758,-4.526460871976965,-0.5473810083725873,4.559437903279904
12,969,98746193,person,308.68419647216797,479.9566955566406,-8.087480545043945,-8.186368942260742,-1.7522599052461942,0.06681450446787822,1.7535332769983836
12,970,98746326,person,330.4813003540039,480.0,-7.5199666023254395,-8.181818008422852,4.267022125703051,0.03421754765331297,4.26715931994656
12,971,98746460,person,340.6665916442871,480.0,-7.255413055419922,-8.181818008422852,1.9742802007874445,0.0,1.9742802007874445
12,972,98746593,person,326.8975715637207,480.0,-7.6130499839782715,-8.181818008422852,-2.6889994628447336,0.0,2.6889994628447336
12,973,98746826,person,351.1640167236328,480.0,-6.982753276824951,-8.181818008422852,2.7051360822030914,0.0,2.7051360822030914
12,974,98746860,person,355.3834800720215,480.0,-6.8731560707092285,-8.181818008422852,3.223447238697725,0.0,3.223447238697725
12,975,98747093,person,345.32444763183594,480.0,-7.134429454803467,-8.181818008422852,-1.1213449961126105,0.0,1.1213449961126105
12,976,98747326,person,352.4941062927246,479.99560546875,-6.948333740234375,-8.182279586791992,0.7986940539445999,-0.0019810230435219956,0.7986965107340576
12,977,98747460,person,352.0462074279785,480.0,-6.9598388671875,-8.181818008422852,-0.08585915636660447,0.003444614695079291,0.08592822645896163
12,978,98747593,person,352.8058395385742,479.97344970703125,-6.940886497497559,-8.184608459472656,0.14249902022512334,-0.0209808349609375,0.1440352949827861
12,979,98747826,person,348.90067291259766,479.9032897949219,-7.044395446777344,-8.19198226928711,-0.44424441750980753,-0.031647252422545596,0.4453702404455472
12,980,98747860,person,348.5338439941406,479.95306396484375,-7.052454948425293,-8.186750411987305,-0.23704416611615348,0.15387815587660844,0.28261002024996984
12,981,98748093,person,342.4292335510254,479.8269958496094,-7.214787483215332,-8.200002670288086,-0.6967061578971633,-0.056876645067730686,0.6990239074638204
12,982,98748326,person,348.2826385498047,479.98333740234375,-7.0580854415893555,-8.183568954467773,0.6725409511844487,0.07053096918589055,0.6762292130885681
12,983,98748360,person,348.8769073486328,479.8713073730469,-7.045957088470459,-8.195343971252441,0.35671626820283775,-0.34632402307846966,0.4971788661657043
12,984,98748593,person,347.7918815612793,480.0,-7.070341110229492,-8.181818008422852,-0.10465245390143005,0.05805134261626542,0.11967495346622022
12,985,98748826,person,349.4471778869629,479.38018798828125,-7.045640468597412,-8.247015953063965,0.10601133747673852,-0.27981950489748186,0.2992279381920726
12,986,98748860,person,348.15574645996094,479.5899963378906,-7.073010444641113,-8.224930763244629,-0.8049992954029755,0.649564406451057,1.0343876370720027
12,987,98748993,person,344.20449447631836,479.75909423828125,-7.170682430267334,-8.207141876220703,-0.7343758317760954,0.13375103025508106,0.7464564289971167
12,988,98749226,person,345.0643424987793,480.0,-7.141186237335205,-8.181818008422852,0.1265931027129996,0.10868612788777494,0.1668486980762566
12,989,98749460,person,345.677677154541,480.0,-7.125255107879639,-8.181818008422852,0.06808174981011285,0.0,0.06808174981011285
12,990,98749493,person,346.16514587402344,480.0,-7.112593173980713,-8.181818008422852,0.38369496663411456,0.0,0.38369496663411456
12,991,98749726,person,337.4361686706543,480.0,-7.339320659637451,-8.181818008422852,-0.9730793375825677,0.0,0.9730793375825677
12,992,98749860,person,336.16919708251953,479.96612548828125,-7.373248100280762,-8.185378074645996,-0.2531898555470936,-0.026567658381675605,0.25457993523418837
12,993,98749893,person,340.01182556152344,479.9164123535156,-7.2749199867248535,-8.19060230255127,2.9796398047244907,-0.1583099365234375,2.98384238891746
12,994,98750126,person,334.06148529052734,479.9443359375,-7.428654193878174,-8.187667846679688,-0.6598034641773404,0.01259423120850657,0.6599236516447582
12,995,98750260,person,339.64626693725586,479.226318359375,-7.305099010467529,-8.263223648071289,0.9220536075421233,-0.5638492641164295,1.0807908437001505
12,996,98750393,person,338.3444709777832,479.2487487792969,-7.338282585144043,-8.260860443115234,-0.2495005614775464,0.017768458316200657,0.2501324614850009
12,997,98750526,person,340.5509338378906,479.90533447265625,-7.261246681213379,-8.191766738891602,0.5792173227869478,0.5195015355160362,0.778058193466272
12,998,98750660,person,279.5897903442383,480.0,-8.84182357788086,-8.181818008422852,-11.795349975130451,0.07424425722947761,11.795583633103599
12,999,98750793,person,259.90686416625977,479.9752502441406,-9.353898048400879,-8.184418678283691,-3.850183988872327,-0.019553908728119126,3.850233642717721
12,1000,98751026,person,256.0438232421875,479.9766540527344,-9.454194068908691,-8.184271812438965,-0.4304550236386802,0.0006303255138479077,0.4304554851387425
12,1001,98751160,person,269.6211967468262,479.4134826660156,-9.120166778564453,-8.243510246276855,2.492740972718196,-0.4420778644618703,2.5316378878732295
12,1002,98751293,person,282.41954612731934,479.9779052734375,-8.769041061401367,-8.1841402053833,2.640042986188616,0.446391284913945,2.6775160406934684
12,1003,98751526,person,274.91825675964355,480.0,-8.963162422180176,-8.181818008422852,-0.8331388874626978,0.009966510559867891,0.8331984980395258
12,1004,98751660,person,323.5820999145508,479.7963562011719,-7.705410003662109,-8.203224182128906,9.386212078493033,-0.15974756497055737,9.387571382789188
12,1005,98751693,person,312.26019191741943,479.4903259277344,-8.009136199951172,-8.235420227050781,-9.20382412997159,-0.975637724905303,9.255390190894477
12,1006,98751926,person,305.7468614578247,479.2431640625,-8.186253547668457,-8.261448860168457,-0.7601602906321251,-0.11171087174968146,0.7683247922076905
12,1007,98752060,person,299.44981575012207,479.0848083496094,-8.355066299438477,-8.278136253356934,-1.2597966550001456,-0.12453278498863106,1.2659368177308772
12,1008,98752193,person,298.3876200914383,479.13427734375,-8.381122589111328,-8.27292251586914,-0.19591195242745535,0.03920103374280427,0.19979543075466466
12,1009,98752326,person,296.12360978126526,479.7096252441406,-8.421636581420898,-8.212345123291016,-0.30461648353060383,0.45546911712875937,0.5479446310500744
12,1010,98752560,person,302.59787797927856,479.9053955078125,-8.247200012207031,-8.191761016845703,0.7454554239908854,0.08796626686030982,0.75062763955424
12,1011,98752593,person,306.20286560058594,480.0,-8.150574684143066,-8.181818008422852,2.928040244362571,0.3013032855409564,2.9435018842332337
12,1012,98752726,person,309.79124450683594,479.5904235839844,-8.070185661315918,-8.224885940551758,0.6044287430612664,-0.3238190385632049,0.6857061142899491
12,1013,98752960,person,310.45458793640137,479.7974853515625,-8.046468734741211,-8.203104972839355,0.10135438707139756,0.09308105860001001,0.1376110288048061
12,1014,98753093,person,309.8621120452881,480.0,-8.055529594421387,-8.181818008422852,-0.06812676451259986,0.16005236403386394,0.17394831208087
12,1015,98753326,person,314.2101459503174,480.0,-7.942593574523926,-8.181818008422852,0.4847039480577722,0.0,0.4847039480577722
12,1016,98753460,person,293.94366455078125,479.4191589355469,-8.487589836120605,-8.242912292480469,-4.067136280572236,-0.4559274929672924,4.09261131841156
12,1017,98753593,person,281.5709409713745,479.931640625,-8.79258918762207,-8.18900203704834,-2.293228206777931,0.40534026640698423,2.328775716966494
12,1018,98753826,person,325.7346305847168,479.9755554199219,-7.644003391265869,-8.18438720703125,4.929552774060949,0.019806137412402763,4.929592562811981
12,1019,98753960,person,272.3835611343384,478.88128662109375,-9.065932273864746,-8.299596786499023,-10.61140957163341,-0.8597729811027868,10.646183479350123
12,1020,98753993,person,266.42464232444763,479.7164611816406,-9.193198204040527,-8.211626052856445,-3.8565433386600376,2.665779807350852,4.688209520087883
12,1021,98754226,person,267.7306075692177,479.892822265625,-9.153409004211426,-8.193081855773926,0.17076909797897666,0.07958882868034133,0.18840505957978423
12,1022,98754460,person,262.49499583244324,478.6335754394531,-9.331584930419922,-8.325737953186035,-0.7614355820875901,-0.5669063991970485,0.9492981676584183
12,1023,98754593,person,261.3982849121094,479.2290954589844,-9.340147018432617,-8.262930870056152,-0.06437660159921288,0.4722337077434798,0.47660153331962546
12,1024,98754726,person,292.7591552734375,477.9772644042969,-8.564786911010742,-8.39510726928711,5.829775243773496,-0.9938075130147145,5.913876289358682
12,1025,98754960,person,278.52923834323883,478.4548034667969,-8.919994354248047,-8.34461784362793,-1.517980526655148,0.2157667763212807,1.5332384619061439
12,1026,98754993,person,271.7924427986145,478.63153076171875,-9.089587211608887,-8.32595443725586,-5.139177495783025,0.5655577688506155,5.170203180056851
12,1027,98755226,person,268.77960109710693,479.2137451171875,-9.148677825927734,-8.264548301696777,-0.2536077867761702,0.2635456461763177,0.36575021139023317
12,1028,98755460,person,268.5381410121918,478.3399963378906,-9.184022903442383,-8.356748580932617,-0.1510473398061899,-0.3940182873326489,0.42197832837135185
12,1029,98755593,person,264.57372641563416,478.9157409667969,-9.268027305603027,-8.295963287353516,-0.6316120463206355,0.4570322825496358,0.7796231681715666
12,1030,98755826,person,269.6134669780731,479.47802734375,-9.118228912353516,-8.236715316772461,0.6429115590107799,0.25428313554100723,0.6913719590280168
12,1031,98755960,person,269.2529909312725,478.7278137207031,-9.15250301361084,-8.315790176391602,-0.25577687505465835,-0.5901108926801539,0.6431583595604542
12,1032,98756093,person,265.5305902957916,478.9216613769531,-9.242929458618164,-8.29533863067627,-0.6798980827618362,0.1537710204160303,0.6970702472943511
12,1033,98756226,person,258.38620924949646,478.33447265625,-9.448657035827637,-8.357332229614258,-1.5468238887930275,-0.46611728524803214,1.615527612437429
12,1034,98756460,person,271.58610010147095,478.585693359375,-9.096479415893555,-8.330793380737305,1.5050325638208633,0.11341388408954327,1.509299747321743
12,1035,98756493,person,274.85118865966797,478.98480224609375,-8.99830150604248,-8.288680076599121,2.9750881773052793,1.2761607314601089,3.237242016788743
12,1036,98756726,person,277.9378957748413,479.4551696777344,-8.902563095092773,-8.239121437072754,0.4108944675953091,0.2126980237183141,0.4626820860959597
12,1037,98756860,person,281.3123435974121,479.5769348144531,-8.81086254119873,-8.22630500793457,0.6843324917465893,0.09564499356853427,0.6909840259042322
25,1037,98756860,person,490.2989044189453,479.93310546875,-3.370408773422241,-8.188848495483398,0.0,0.0,0.0
12,1038,98756893,person,276.9294991493225,479.5321350097656,-8.926255226135254,-8.231019973754883,-3.496748028379498,-0.14287775213068182,3.4996658163358716
25,1038,98756893,person,489.8013153076172,479.9435119628906,-3.3830926418304443,-8.18775463104248,-0.38435964873342804,0.0331474073005445,0.38578632711027017
12,1039,98757126,person,280.28401947021484,479.4707336425781,-8.841058731079102,-8.237483024597168,0.36565019337404436,-0.027738415632125132,0.3667008094022381
25,1039,98757126,person,490.5673370361328,479.3173828125,-3.3777005672454834,-8.253630638122559,0.02314195100841604,-0.28272964412050694,0.2836751690948371
12,1040,98757260,person,320.9015064239502,479.7113952636719,-7.777676105499268,-8.212159156799316,7.935691235670403,0.18898408804366837,7.9379411923640335
12,1041,98757493,person,327.23559379577637,479.7953796386719,-7.610509872436523,-8.203326225280762,0.7174516440461122,0.03790957733285273,0.7184525019777055
12,1042,98757726,person,301.19654083251953,478.5047302246094,-8.328064918518066,-8.339344024658203,-3.0796353909079097,-0.5837673793023236,3.134475792548096
12,1043,98757860,person,324.6701011657715,478.9615783691406,-7.702738285064697,-8.291129112243652,4.666616667562456,0.35981277921306554,4.680467536267798
12,1044,98757993,person,317.5877456665039,479.2835388183594,-7.877042770385742,-8.257195472717285,-1.3105600400078565,0.25514014681479086,1.3351644516620669
12,1045,98758226,person,326.146785736084,480.0,-7.6325507164001465,-8.181818008422852,1.0493221201098528,0.3235084304482128,1.0980594775889432
12,1046,98758360,person,344.1766357421875,479.9027099609375,-7.167135238647461,-8.192042350769043,3.473249833975265,-0.07630106228501049,3.47408783154874
12,1047,98758593,person,343.8065986633301,479.9785461425781,-7.174492359161377,-8.184072494506836,-0.0315756245232447,0.03420539168329198,0.04655135749084394
12,1048,98758726,person,337.31847763061523,479.90789794921875,-7.3451433181762695,-8.191497802734375,-1.2830899174052073,-0.05582938516946663,1.2843039579458215
12,1049,98758860,person,335.51075744628906,479.9132995605469,-7.391942501068115,-8.190929412841797,-0.34924763352123656,0.004241715616254664,0.3492733910156242
12,1050,98758993,person,330.8851127624512,480.0,-7.5094780921936035,-8.181818008422852,-0.8837262490638216,0.06850680014244595,0.8863776085564034
12,1051,98759126,person,333.9254722595215,479.9823913574219,-7.4310383796691895,-8.18366813659668,0.5897722746196545,-0.013910738149083645,0.5899363054990713
12,1052,98759260,person,329.2074165344238,479.968505859375,-7.554011344909668,-8.185127258300781,-0.9177086958244665,-0.010888967941056435,0.9177732944549348
12,1053,98759393,person,327.99749755859375,480.0,-7.5844807624816895,-8.181818008422852,-0.22909336520316903,0.024881578029546523,0.23044058432783274
12,1054,98759626,person,326.62793350219727,480.0,-7.620053768157959,-8.181818008422852,-0.15267384410416107,0.0,0.15267384410416107
12,1055,98759760,person,325.6258659362793,480.0,-7.646081924438477,-8.181818008422852,-0.19423997224266848,0.0,0.19423997224266848
12,1056,98759893,person,326.34539794921875,480.0,-7.627392292022705,-8.181818008422852,0.14052355199828184,0.0,0.14052355199828184
12,1057,98760126,person,319.3999328613281,480.0,-7.807794094085693,-8.181818008422852,-0.774256661214542,0.0,0.774256661214542
12,1058,98760260,person,318.68289947509766,480.0,-7.826418399810791,-8.181818008422852,-0.13898735615744517,0.0,0.13898735615744517
12,1059,98760393,person,316.44627380371094,480.0,-7.884511947631836,-8.181818008422852,-0.43679359263943546,0.0,0.43679359263943546
12,1060,98760626,person,316.5760192871094,479.9591979980469,-7.882405757904053,-8.186105728149414,0.009039440891773403,-0.01840223058610515,0.02050252623897965
12,1061,98760760,person,314.9612236022949,479.99627685546875,-7.923201084136963,-8.182209014892578,-0.30444273308141906,0.029079949677880128,0.3058284179067606
12,1062,98760993,person,316.02368545532227,480.0,-7.895488739013672,-8.181818008422852,0.11893710353343782,0.0016781393550496244,0.1189489417717479
12,1063,98761126,person,316.3753433227539,479.8771057128906,-7.890161991119385,-8.194734573364258,0.040050736047271496,-0.09711702963463345,0.10505131556997506
12,1064,98761260,person,316.9766960144043,479.9638977050781,-7.871852874755859,-8.185611724853516,0.13663519674272678,0.06808095903538945,0.15265711241898308
12,1065,98761393,person,316.50029373168945,479.9939880371094,-7.883295059204102,-8.182450294494629,-0.08603146201685855,0.02377015307433623,0.08925487456680195
12,1066,98761526,person,315.8040771484375,479.947998046875,-7.902804851531982,-8.18728256225586,-0.14669016787880346,-0.03633284031000352,0.15112273368789939
12,1067,98761660,person,315.9105224609375,479.9545593261719,-7.899836540222168,-8.186593055725098,0.022151576938913828,0.005145571125087453,0.02274135578816603
12,1068,98761793,person,316.60236740112305,479.9766540527344,-7.881181240081787,-8.184271812438965,0.14026541458932976,0.017452957038592575,0.141347063072805
12,1069,98762026,person,319.0566596984863,479.9792175292969,-7.8173508644104,-8.184001922607422,0.2739501101776254,0.0011583254572659603,0.27395255900282817
12,1070,98762160,person,316.88744354248047,479.9792785644531,-7.87369441986084,-8.183995246887207,-0.42047429440626455,4.981880757346082e-05,0.42047429735759073
12,1071,98762293,person,317.6984062194824,479.9839782714844,-7.852485179901123,-8.183502197265625,0.1594679696219308,0.003707140011894972,0.15951105360572612
12,1072,98762526,person,317.21955490112305,480.0,-7.86442756652832,-8.181818008422852,-0.05125487822831444,0.007228278295164967,0.05176205704289286
12,1073,98762560,person,317.4955825805664,480.0,-7.857257843017578,-8.181818008422852,0.21087422090418198,0.0,0.21087422090418198
12,1074,98762793,person,318.2771682739258,480.0,-7.836956977844238,-8.181818008422852,0.08712817670961306,0.0,0.08712817670961306
12,1075,98763026,person,317.08817291259766,479.9944152832031,-7.868012428283691,-8.182405471801758,-0.13328519501911212,-0.002521302055391631,0.13330904011107902
12,1076,98763060,person,317.19318771362305,479.9544982910156,-7.866519927978516,-8.186599731445312,0.04389706779928768,-0.12336057775160844,0.13093809493262795
12,1077,98763293,person,325.6014175415039,479.1527404785156,-7.67264461517334,-8.270976066589355,0.8320828875758617,-0.3621301937512574,0.9074691229033125
12,1078,98763426,person,302.4823741912842,479.4120788574219,-8.265807151794434,-8.243658065795898,-4.459868696399201,0.20539850220644384,4.464595987749637
12,1079,98763560,person,307.4166851043701,479.59075927734375,-8.131896018981934,-8.22485065460205,0.999336812033582,0.1403538148794601,1.009144814799472
12,1080,98763793,person,311.81776428222656,479.3558654785156,-8.0248384475708,-8.249577522277832,0.45947455541258714,-0.10612389560421137,0.47157093664665994
12,1081,98763926,person,314.6070804595947,479.3284912109375,-7.953159332275391,-8.252460479736328,0.5389407165068433,-0.02167637186839168,0.5393764557396683
12,1082,98764060,person,314.18802070617676,479.567138671875,-7.95662784576416,-8.227335929870605,-0.02588442902066814,0.18749664078897504,0.18927491638586436
12,1083,98764193,person,323.99730491638184,479.1712341308594,-7.713802337646484,-8.269027709960938,1.8257557001329006,-0.3134720307543762,1.8524709419132734
12,1084,98764326,person,316.9944763183594,479.13653564453125,-7.897032737731934,-8.272684097290039,-1.377672181093603,-0.027491634053395206,1.3779464534234018
12,1085,98764460,person,319.8964424133301,478.79864501953125,-7.8319926261901855,-8.308316230773926,0.485373966729463,-0.26591144390960236,0.5534408582502591
12,1086,98764593,person,338.2660217285156,477.627197265625,-7.389213562011719,-8.432172775268555,3.3291658960786976,-0.9312522142453301,3.4569605508524837
12,1087,98764826,person,349.1463432312012,479.6705017089844,-7.044885158538818,-8.216460227966309,1.4778043067506454,0.9258049240439746,1.7438521515411864
12,1088,98765060,person,372.93721771240234,479.9017028808594,-6.420009613037109,-8.192148208618164,2.670408314109867,0.10389751858181423,2.6724287190558633
12,1089,98765193,person,383.1377296447754,478.90057373046875,-6.183075904846191,-8.297562599182129,1.781456452563293,-0.7925894027365777,1.94981667182064
12,1090,98765326,person,381.52517318725586,478.49298095703125,-6.236521244049072,-8.340584754943848,-0.40184465566075833,-0.3234748553512688,0.5158634599655588
12,1091,98765460,person,377.8552436828613,478.4218444824219,-6.334110736846924,-8.348099708557129,-0.7282797969988922,-0.05608174338269589,0.73043591413456
12,1092,98765693,person,381.8575439453125,478.2984313964844,-6.233348846435547,-8.3611421585083,0.43245446528487963,-0.05597618004794796,0.436062148411888
12,1093,98765826,person,383.43801498413086,478.6329650878906,-6.182774066925049,-8.32580280303955,0.38026150007893267,0.26570943961466165,0.4638968794275487
12,1094,98765960,person,383.2440414428711,478.4901123046875,-6.191839218139648,-8.340888023376465,-0.06765038219850454,-0.11257627117100046,0.13133922126451936
12,1095,98766093,person,381.2405433654785,479.7605895996094,-6.208263874053955,-8.206985473632812,-0.12349365349102737,1.0067860882981379,1.0143317554149764
12,1096,98766326,person,375.20223236083984,478.2026672363281,-6.409453868865967,-8.371265411376953,-0.8634763725837412,-0.7050641104898739,1.1147676196908722
12,1097,98766560,person,319.87478256225586,465.41851806640625,-8.25642204284668,-9.753681182861328,-7.893026384532961,-5.907759707198183,9.859081613666042
12,1098,98766593,person,294.01922607421875,472.60498046875,-8.706575393676758,-8.968941688537598,-13.641010631214488,23.77998467647668,27.414682968336006
12,1099,98766826,person,227.9003448486328,477.9792175292969,-10.25528335571289,-8.394901275634766,-6.6468152877087245,2.4636927592396223,7.088718888547363
12,1100,98766960,person,213.2836582660675,479.4214172363281,-10.584684371948242,-8.242674827575684,-2.4582165390697877,1.136018269097627,2.708018844225389
12,1101,98767093,person,178.7826690673828,478.9279479980469,-11.500102043151855,-8.294675827026367,-6.882839633109874,-0.3909849582758165,6.8939357882639145
27,1101,98767093,person,473.23431396484375,479.65826416015625,-3.8202738761901855,-8.217747688293457,0.0,0.0,0.0
27,1102,98767226,person,474.8439178466797,479.5862121582031,-3.780161142349243,-8.22532844543457,0.30159950256347656,-0.056998173993332936,0.3069381888672551
27,1103,98767460,person,474.9815979003906,479.8188781738281,-3.7710306644439697,-8.20085620880127,0.03901913634732238,0.10458220783461872,0.11162406190805958
12,1103,98767460,person,157.91683959960938,478.84613037109375,-12.046209335327148,-8.303305625915527,-1.488030768870008,-0.02351443839008217,1.488216549402898
27,1104,98767593,person,468.2862548828125,479.8455505371094,-3.9443461894989014,-8.198051452636719,-1.3031242485333205,0.021088392214667528,1.303294873542335
12,1104,98767593,person,153.40487670898438,479.41949462890625,-12.141611099243164,-8.242877006530762,-0.71730649560914,0.4543505216899671,0.8490954040642373
27,1105,98767726,person,465.1744079589844,479.7906494140625,-4.026528835296631,-8.203824043273926,-0.6179146300581164,-0.043402937121857374,0.6194370871934153
12,1105,98767726,person,149.55245971679688,479.6380920410156,-12.233349800109863,-8.219870567321777,-0.6897646681706708,0.17298074593221333,0.7111242056911441
27,1106,98767860,person,476.90956115722656,479.8038635253906,-3.7212953567504883,-8.202434539794922,2.2778617801950936,0.010369428947790344,2.2778853822636167
12,1106,98767860,person,149.5115203857422,479.3227844238281,-12.246567726135254,-8.253061294555664,-0.09864123899545242,-0.2476919942827367,0.26661098638712777
27,1107,98767993,person,493.3941345214844,479.632568359375,-3.296924114227295,-8.220451354980469,3.190761221978897,-0.1354647758311795,3.193635527290999
12,1107,98767993,person,149.2779083251953,479.5755310058594,-12.242897033691406,-8.226452827453613,0.027599191307125234,0.20006366242143445,0.20195837289472546
27,1108,98768126,person,494.12879943847656,479.59344482421875,-3.2787303924560547,-8.224567413330078,0.13679490053564086,-0.03094780713992011,0.14025195748839148
12,1108,98768126,person,149.07359445095062,479.4947204589844,-12.251323699951172,-8.234957695007324,-0.06335839293056861,-0.06394637258429275,0.09001902310863806
27,1109,98768260,person,492.1726989746094,479.7182312011719,-3.3266918659210205,-8.211440086364746,-0.3579214437684016,0.09796512660695546,0.37108614355749514
12,1109,98768260,person,149.60052835941315,479.40435791015625,-12.241107940673828,-8.244470596313477,0.07623700953241604,-0.07099180079218166,0.10417253669831841
27,1110,98768593,person,479.6839141845703,479.63482666015625,-3.653207540512085,-8.220213890075684,-0.9805275513245179,-0.026347758891704202,0.9808814828026219
12,1110,98768593,person,148.14852388203144,479.5893859863281,-12.27171802520752,-8.224994659423828,-0.09192217577685106,0.05848629696591122,0.10895105934471247
27,1111,98768726,person,493.7412414550781,479.6336975097656,-3.287876605987549,-8.220332145690918,2.7468491317634296,-0.000889139964168233,2.746849275668285
12,1111,98768726,person,148.061521820724,479.6007385253906,-12.273541450500488,-8.223800659179688,-0.013709964608787593,0.008977445444666353,0.016387728832457808
27,1112,98768860,person,478.6677703857422,479.67669677734375,-3.678624391555786,-8.215808868408203,-2.9160282505092336,0.03375580061727495,2.9162236217140918
12,1112,98768860,person,149.13800019025803,479.5444030761719,-12.247733116149902,-8.229728698730469,0.19259951007899953,-0.04423910112523321,0.19761495224562145
27,1113,98768993,person,469.4436492919922,479.7489929199219,-3.916602849960327,-8.20820426940918,-1.789311717327376,0.05717743608288298,1.7902250364024228
12,1113,98768993,person,149.70202127099037,479.9647521972656,-12.216887474060059,-8.185522079467773,0.2319221209762688,0.3323805959601151,0.4052958558496896
27,1114,98769226,person,487.1275177001953,479.66473388671875,-3.459047317504883,-8.21706771850586,1.9637576500233662,-0.03804055406300295,1.9641260631076392
12,1114,98769226,person,149.83791382610798,479.4005432128906,-12.235082626342773,-8.244873046875,-0.07809078232924825,-0.25472518200526423,0.2664265163838033
27,1115,98769360,person,486.2531433105469,479.659423828125,-3.4818952083587646,-8.217625617980957,-0.17050664816329728,-0.004163428918639226,0.17055747186283868
12,1115,98769360,person,148.22922782599926,479.5799560546875,-12.269984245300293,-8.225987434387207,-0.26045984296656366,0.14093740662532064,0.2961463867489151
27,1116,98769493,person,471.1181945800781,479.6890869140625,-3.8745296001434326,-8.214505195617676,-2.952138284095248,0.02346182228031015,2.9522315128603225
12,1116,98769493,person,149.7213398516178,479.9696960449219,-12.216196060180664,-8.185002326965332,0.404422444508488,0.3081587024201128,0.508447931945316
27,1117,98769626,person,468.3363952636719,479.7882080078125,-3.9444284439086914,-8.204080581665039,-0.5255552162801412,0.07838055603486255,0.5313678546201306
12,1117,98769626,person,149.8546140640974,480.0,-12.211568832397461,-8.181818008422852,0.03479118633987312,0.023942244680304276,0.04223337219862194
27,1118,98769760,person,489.95001220703125,479.691650390625,-3.385068655014038,-8.21423625946045,4.17432678279592,-0.07578864026425489,4.175014731418375
12,1118,98769760,person,150.03326335549355,479.4111328125,-12.229595184326172,-8.243757247924805,-0.1345250143933652,-0.46223313061159044,0.4814108915807023
27,1119,98769893,person,472.0018768310547,479.73382568359375,-3.8504905700683594,-8.209799766540527,-3.4994128951452725,0.033357089623472745,3.4995718746922697
12,1119,98769893,person,149.95559307932854,479.9383239746094,-12.211318016052246,-8.188299179077148,0.13742231784906603,0.4169779612605733,0.4390393076024445
27,1120,98770126,person,478.9457702636719,479.7323303222656,-3.6700823307037354,-8.209957122802734,0.774284289118558,-0.0006753487648370439,0.7742845836459517
12,1120,98770126,person,150.30524748563766,478.98797607421875,-12.238835334777832,-8.288345336914062,-0.11810008036732161,-0.4293826516605754,0.44532807067355956
27,1121,98770360,person,475.91343688964844,479.525146484375,-3.753816843032837,-8.231755256652832,-0.3578397962782118,-0.09315441816281049,0.3697662307778846
12,1121,98770360,person,149.85646617412567,479.421630859375,-12.233787536621094,-8.24265193939209,0.021571786994608037,0.19527092958107972,0.19645884539414288
27,1122,98770493,person,477.95423889160156,479.5745849609375,-3.6995925903320312,-8.22655200958252,0.4077011481263584,0.039122158423402255,0.40957388767261105
12,1122,98770493,person,153.23664170503616,479.4783935546875,-12.143723487854004,-8.236676216125488,0.6771732990006755,0.044930250124823774,0.6786622166112811
27,1123,98770626,person,478.2349853515625,479.5718078613281,-3.6923604011535645,-8.226844787597656,0.05437736224411125,-0.0022013384596745768,0.05442190198478309
12,1123,98770626,person,157.14270995557308,479.2457275390625,-12.051068305969238,-8.261178016662598,0.6966555028929746,-0.18422406418879228,0.7206021062537215
27,1124,98770760,person,478.948974609375,479.5375671386719,-3.6746129989624023,-8.230447769165039,0.13244329993404558,-0.026887922144647854,0.1351450630051879
12,1124,98770760,person,159.21005028486252,479.60675048828125,-11.983539581298828,-8.223167419433594,0.5039457064955981,0.2836611733507754,0.5782948524430129
27,1125,98770893,person,480.3901672363281,479.43927001953125,-3.639472723007202,-8.240795135498047,0.26421260116691875,-0.0777997468647204,0.2754289368014985
12,1125,98770893,person,163.79618772864342,479.6357421875,-11.863240242004395,-8.220117568969727,0.9045063104844631,0.02293120649524201,0.9047969418259233
27,1126,98771026,person,481.0406951904297,479.50335693359375,-3.6210460662841797,-8.234048843383789,0.13854629115054481,0.0507240008590813,0.1475398219286021
12,1126,98771026,person,162.67791690677404,479.7005920410156,-11.88984489440918,-8.213294982910156,-0.20003498048710644,0.05129763954564145,0.20650772683227042
27,1127,98771260,person,482.5014953613281,479.5031433105469,-3.583076000213623,-8.234070777893066,0.1622652396177634,-9.373721913394764e-05,0.162265266692772
12,1127,98771260,person,159.32857747375965,479.5865478515625,-11.981228828430176,-8.225293159484863,-0.3905296325683594,-0.05127425886626936,0.3938812556294891
27,1128,98771493,person,482.9491882324219,479.55963134765625,-3.5701091289520264,-8.22812557220459,0.05565180798968532,0.025515904242388678,0.06122242319467232
12,1128,98771493,person,158.91890317201614,479.54901123046875,-11.993308067321777,-8.229243278503418,-0.05184222700258181,-0.0169533005088184,0.054543843820632265
27,1129,98771626,person,483.00401306152344,479.4917907714844,-3.5702788829803467,-8.235265731811523,-0.0012763460775963346,-0.05368541057844807,0.05370058070716126
12,1129,98771626,person,158.85030262172222,479.51708984375,-11.996308326721191,-8.232603073120117,-0.02255834134897791,-0.02526161365939262,0.033867800180900715
27,1130,98771760,person,482.6688232421875,479.48114013671875,-3.5792438983917236,-8.236387252807617,-0.06690310008490263,-0.008369559672341417,0.06742458253544757
12,1130,98771760,person,157.81041987240314,479.5018005371094,-12.023923873901367,-8.234212875366211,-0.2060861729863864,-0.012013449597714552,0.2064360280266301
27,1131,98771893,person,482.3460235595703,479.537109375,-3.586318254470825,-8.230496406555176,-0.05319064721128994,0.04429207708602561,0.06921728861599781
12,1131,98771893,person,157.94398447871208,479.5129699707031,-12.020025253295898,-8.233036994934082,0.029312936883223683,0.008841206256608317,0.030617236922879657
27,1132,98772126,person,482.5797119140625,479.500244140625,-3.581110954284668,-8.234375953674316,0.022348927837584662,-0.01665041682034603,0.02786953454546431
12,1132,98772126,person,156.20076362788677,479.6207580566406,-12.0612211227417,-8.221693992614746,-0.1768063066343381,0.04868241338770788,0.1833860611903949
27,1133,98772260,person,480.61383056640625,479.5981750488281,-3.629903793334961,-8.224069595336914,-0.36412566455442513,0.07691312192091301,0.3721600837150902
12,1133,98772260,person,156.9589402973652,479.55078125,-12.044188499450684,-8.229057312011719,0.12710912903743002,-0.05495014475352728,0.13847833438154736
27,1134,98772493,person,480.1796112060547,479.5278625488281,-3.6428518295288086,-8.23146915435791,-0.05557097078904573,-0.031757764038609845,0.06400537767382515
12,1134,98772493,person,155.98270291090012,479.5621032714844,-12.069131851196289,-8.227866172790527,-0.10705301178371446,0.005112185498675563,0.10717500535356635
27,1135,98772626,person,481.1217498779297,479.5105285644531,-3.618769645690918,-8.233293533325195,0.18106905141271146,-0.013717135092369595,0.1815878882928084
12,1135,98772626,person,155.8434999883175,479.5792541503906,-12.072093963623047,-8.22606086730957,-0.022271522005697836,0.013573725420729557,0.026081923131694926
27,1136,98772660,person,481.05010986328125,479.5040588378906,-3.6207852363586426,-8.23397445678711,-0.05928207846248851,-0.02002716064453125,0.06257357261907383
12,1136,98772660,person,156.13194769620895,479.5951843261719,-12.063987731933594,-8.224384307861328,0.23841857910156247,0.04931057200712316,0.24346447661307322
27,1137,98772893,person,480.0332336425781,479.47021484375,-3.6480207443237305,-8.237537384033203,-0.11689059212484072,-0.015291533245037552,0.1178865620682865
12,1137,98772893,person,158.9132250547409,479.51434326171875,-11.994776725769043,-8.232892036437988,0.2970429449122351,-0.03651385655218951,0.2992787544120815
27,1138,98773126,person,469.1189727783203,479.5044860839844,-3.930941343307495,-8.233929634094238,-1.2142514977843977,0.01548390531744568,1.2143502176866166
12,1138,98773126,person,188.21923404932022,479.669677734375,-11.227226257324219,-8.216547012329102,3.2942080190764984,0.07015031806389149,3.294954861613794
27,1139,98773160,person,471.0380096435547,479.7722473144531,-3.8746140003204346,-8.205759048461914,1.656686558442957,0.8285466362448299,1.852322834000108
12,1139,98773160,person,202.38006579875946,479.38775634765625,-10.869396209716797,-8.24621868133545,10.524413164924171,-0.8726961472455192,10.560533652777513
27,1140,98773293,person,477.15174865722656,479.6255187988281,-3.71924090385437,-8.221193313598633,1.1682187704215372,-0.11604710629111842,1.173968494655521
12,1140,98773293,person,200.65188002586365,479.49151611328125,-10.91057014465332,-8.235295295715332,-0.30957845816934915,0.08213071894824953,0.32028780301077314
27,1141,98773526,person,477.9792785644531,479.6438903808594,-3.697296142578125,-8.219260215759277,0.09418352479075157,0.008296557250452655,0.0945482374463964
12,1141,98773526,person,188.8356578350067,479.4906005859375,-11.217789649963379,-8.235391616821289,-1.3185386493993931,-0.0004133953045366148,1.3185387142043474
27,1142,98773560,person,478.34071350097656,479.4647216796875,-3.6921534538269043,-8.238115310668945,0.15125555150649125,-0.5545616149902344,0.5748189512203906
12,1142,98773560,person,181.9894034266472,479.2029113769531,-11.406444549560547,-8.265689849853516,-5.548673517563763,-0.89112450094784,5.61977585680274
27,1143,98773793,person,479.86936950683594,479.52325439453125,-3.6510255336761475,-8.231954574584961,0.17651467875861301,0.026440927399074568,0.17848404539056
12,1143,98773793,person,177.46283662319183,479.03961181640625,-11.530277252197266,-8.2829008102417,-0.5314708267670333,-0.07386678278190383,0.5365794827450849
27,1144,98773926,person,480.56072998046875,479.5038146972656,-3.6335129737854004,-8.234000205993652,0.13167338263719602,-0.015380687283394031,0.13256864348868852
12,1144,98773926,person,169.07336047291756,478.4453430175781,-11.770988464355469,-8.345617294311523,-1.8098587380316022,-0.4715525118031896,1.8702808406806826
27,1145,98774060,person,482.29576110839844,479.3645324707031,-3.591689109802246,-8.248664855957031,0.3121183879339873,-0.10943768629387243,0.33074838664439016
12,1145,98774060,person,171.99555706069805,479.310546875,-11.662341117858887,-8.254350662231445,0.8108010932580748,0.6810942692543144,1.0589087857032624
27,1146,98774193,person,483.0028381347656,479.53955078125,-3.5691866874694824,-8.230238914489746,0.16919114535912536,0.1385409132878583,0.2186760808194773
12,1146,98774193,person,172.3144073486328,479.374267578125,-11.651657104492188,-8.247639656066895,0.08033092756916706,0.050458692966547224,0.09486378455456564
27,1147,98774426,person,483.9772186279297,479.3520202636719,-3.5482606887817383,-8.249981880187988,0.08981115316628387,-0.08473375836155445,0.1234740986568924
12,1147,98774426,person,172.82833862304688,479.29278564453125,-11.641350746154785,-8.256220817565918,0.04423329758541778,-0.03682901930911346,0.057558329358583536
27,1148,98774460,person,483.8760986328125,479.3374938964844,-3.551231622695923,-8.25151252746582,-0.08738040924072266,-0.045019037583295035,0.0982957255632324
12,1148,98774460,person,173.25794982910156,479.3689270019531,-11.627323150634766,-8.248201370239258,0.4125763388241038,0.23586609784294577,0.4752389414485726
27,1149,98774693,person,484.6072692871094,479.3280334472656,-3.532440423965454,-8.252508163452148,0.08064892158999463,-0.004273115821150751,0.08076204598974739
12,1149,98774693,person,173.606201171875,479.5295104980469,-11.612251281738281,-8.231295585632324,0.06468613260293722,0.07255701548040168,0.0972050217146626
27,1150,98774826,person,484.89540100097656,479.3296203613281,-3.5249109268188477,-8.252341270446777,0.05661276050080034,0.0012548346268503288,0.05662666563962354
12,1150,98774826,person,174.03387451171875,479.5705871582031,-11.599596977233887,-8.226973533630371,0.09514514664958294,0.032496631593632516,0.10054168287781401
27,1151,98774960,person,484.15757751464844,479.49072265625,-3.5403149127960205,-8.23537826538086,-0.11495511923263321,0.12658959004416395,0.17099591733529315
12,1151,98774960,person,174.02011108398438,479.62908935546875,-11.59776496887207,-8.220817565917969,0.013671704192659747,0.045940057555241366,0.047931246423502064
27,1152,98775093,person,483.74017333984375,479.5467224121094,-3.549851417541504,-8.229484558105469,-0.0717030431991233,0.044313588536771614,0.08429128384964626
12,1152,98775093,person,173.88058580143843,479.56768798828125,-11.603689193725586,-8.227277755737305,-0.04454304401139567,-0.04857285578448073,0.0659045149353297
27,1153,98775226,person,482.849853515625,479.3878173828125,-3.5767335891723633,-8.24621295928955,-0.202121591209469,-0.12577745251189495,0.2380611375118368
12,1153,98775226,person,173.81756591796875,479.6418762207031,-11.602550506591797,-8.21947193145752,0.008561557396910243,0.05869040811868538,0.0593115863065425
27,1154,98775360,person,482.6976318359375,479.43096923828125,-3.5796759128570557,-8.241668701171875,-0.021957639438002857,0.033912374012505825,0.040400334662641334
12,1154,98775360,person,173.60643375501968,479.60198974609375,-11.60953140258789,-8.223669052124023,-0.05209623877681903,-0.031321796018685864,0.060787112125248295
27,1155,98775493,person,482.5215606689453,479.3958435058594,-3.585081100463867,-8.245367050170898,-0.04064050832189115,-0.027807135331003287,0.049243148680587386
12,1155,98775493,person,173.30944381177687,479.6614074707031,-11.61502456665039,-8.21741771697998,-0.04130198543233082,0.04700251988002232,0.06257068703254233
27,1156,98775726,person,479.74314880371094,479.5968322753906,-3.6525659561157227,-8.224211692810059,-0.28963457361311357,0.09079552515381907,0.30353255775947313
12,1156,98775726,person,173.33969325991347,479.65582275390625,-11.614448547363281,-8.218005180358887,0.0024721857815853004,-0.002521302055391631,0.003531099912661009
27,1157,98775760,person,478.15257263183594,479.6191711425781,-3.693378448486328,-8.221860885620117,-1.2003674226648666,0.06914138793945312,1.2023570521776334
12,1157,98775760,person,173.51081792876357,479.4796142578125,-11.616600036621094,-8.236547470092773,-0.0632790958180147,-0.5453614627613741,0.5490203721473104
27,1158,98775993,person,476.17494201660156,479.6307678222656,-3.744503974914551,-8.220641136169434,-0.21942286020696417,0.005234976183191389,0.21948529918207169
12,1158,98775993,person,173.4537353515625,479.67938232421875,-11.610602378845215,-8.215526580810547,0.02574102049733436,0.09021840893659469,0.09381876916318406
27,1159,98776126,person,475.2400665283203,479.61358642578125,-3.769211769104004,-8.222448348999023,-0.18577288864250469,-0.013588066387893562,0.1862691646589479
12,1159,98776126,person,173.3524169921875,479.5592041015625,-11.61773681640625,-8.228171348571777,-0.05364238767695606,-0.09507344181376291,0.10916256269435877
27,1160,98776260,person,476.03814697265625,479.5904846191406,-3.749018669128418,-8.224879264831543,0.15069477593720848,-0.01814116292925023,0.15178279641379344
27,1161,98776393,person,477.719482421875,479.626708984375,-3.704456329345703,-8.221067428588867,0.3350551863362018,0.02866042287726151,0.33627875004271435
27,1162,98776526,person,478.56121826171875,479.5059509277344,-3.6854424476623535,-8.233776092529297,0.14296151641616248,-0.09555386421375704,0.17195504104907716
12,1162,98776526,person,134.0470774769783,479.4169921875,-12.645014762878418,-8.24314022064209,-2.56819486618042,-0.03742218017578125,2.5684674983819775
27,1163,98776660,person,480.9436950683594,479.52215576171875,-3.623124361038208,-8.232069969177246,0.46506034794138434,0.012732263821274487,0.4652346050858384
12,1163,98776660,person,153.12597025930882,478.8421630859375,-12.171049118041992,-8.30372428894043,3.5370570510181025,-0.4521199126741779,3.565835806314332
27,1164,98776793,person,482.2752685546875,479.5052490234375,-3.588907480239868,-8.23384952545166,0.2572697804386454,-0.013380122364015506,0.25761748310513566
12,1164,98776793,person,153.74520592857152,479.2723693847656,-12.138407707214355,-8.258371353149414,0.2454241415611783,0.3409995172256814,0.42013531154758826
27,1165,98776926,person,483.91941833496094,479.5096435546875,-3.5460622310638428,-8.233386993408203,0.32214473064680743,0.0034776845372709113,0.32216350161563134
12,1165,98776926,person,151.4664306640625,479.3230895996094,-12.195719718933105,-8.253028869628906,-0.43091738134398494,0.040169049026374526,0.4327855612702908
27,1166,98777060,person,484.7286071777344,479.501708984375,-3.5252127647399902,-8.234222412109375,0.15559303226755625,-0.006234467919193096,0.1557178868352902
12,1166,98777060,person,150.9495403021574,479.14910888671875,-12.215862274169922,-8.27135944366455,-0.15031757639415227,-0.13679532862421293,0.20324452195918644
27,1167,98777293,person,485.54200744628906,479.6325988769531,-3.501004934310913,-8.22044849395752,0.10389626793595343,0.05911552854873591,0.11953694076148944
12,1167,98777293,person,150.9603609442711,479.2061462402344,-12.213383674621582,-8.265348434448242,0.01063776630188774,0.02579832281677508,0.027905474947617647
27,1168,98777426,person,485.7343444824219,479.63818359375,-3.495875120162964,-8.219860076904297,0.03857003118758811,0.004424188370095159,0.038822941008450206
12,1168,98777426,person,151.16945049911737,479.4314880371094,-12.199270248413086,-8.24161434173584,0.10611598653004581,0.17845182490528078,0.207619017455699
27,1169,98777560,person,486.46693420410156,479.6427917480469,-3.4767277240753174,-8.219375610351562,0.14289101557945136,0.0036154220353311565,0.14293674688413952
12,1169,98777560,person,150.7032295614481,479.3424987792969,-12.214818954467773,-8.250985145568848,-0.11603511981110073,-0.069931371888118,0.13547894967016375
27,1170,98777793,person,487.1034851074219,479.6488037109375,-3.460042953491211,-8.218743324279785,0.07160845744251693,0.0027136741277997583,0.07165985769291373
12,1170,98777793,person,151.98267874121666,479.55426025390625,-12.173408508300781,-8.228691101074219,0.17772723676820681,0.09568259439754895,0.20184679724956775
27,1171,98777926,person,487.14454650878906,479.6221923828125,-3.459596872329712,-8.221543312072754,0.003353993695481379,-0.021052539796757516,0.021318037095459513
12,1171,98777926,person,150.60601636767387,479.5149230957031,-12.210707664489746,-8.232831001281738,-0.2804447833756755,-0.03112706922947016,0.2821669203883506
27,1172,98778060,person,487.6663818359375,479.6251220703125,-3.445965051651001,-8.221234321594238,0.10173000506500698,0.0023058990934001866,0.10175613544723135
12,1172,98778060,person,149.85301440954208,479.49249267578125,-12.231146812438965,-8.23519229888916,-0.15253095484491602,-0.01762162393598414,0.1535454780058438
27,1173,98778193,person,488.06275939941406,479.601806640625,-3.436206102371216,-8.223688125610352,0.07337555849462524,-0.018449654256490835,0.07565951577020712
12,1173,98778193,person,151.99286726117134,479.3976745605469,-12.17916202545166,-8.245174407958984,0.39086306005492244,-0.07505345165281367,0.3980037089280691
27,1174,98778326,person,488.38116455078125,479.6120910644531,-3.4276905059814453,-8.22260570526123,0.06402704052459028,0.008138498865572132,0.06454221163023813
12,1174,98778326,person,147.4180371761322,479.39544677734375,-12.298198699951172,-8.24540901184082,-0.8950125902218926,-0.0017639389611724624,0.8950143284531038
27,1175,98778460,person,488.2857666015625,479.63037109375,-3.4297447204589844,-8.220682144165039,-0.015329958787604943,0.01435493355366721,0.02100170835336656
12,1175,98778460,person,150.99722236394882,479.4247131347656,-12.204009056091309,-8.242327690124512,0.7029077899989796,0.022994938181407416,0.7032838178311914
27,1176,98778693,person,488.3506774902344,479.6202087402344,-3.4282939434051514,-8.22175121307373,0.0062265109606566855,-0.004588278578074705,0.007734451438414819
12,1176,98778693,person,150.7771012187004,479.31536865234375,-12.213942527770996,-8.2538423538208,-0.04263292566389485,-0.04941915749480284,0.06526729256035761
27,1177,98778826,person,488.2032928466797,479.63262939453125,-3.431835174560547,-8.220444679260254,-0.026625798160868477,0.009823562507342575,0.028380195701209917
12,1177,98778826,person,151.2062520980835,479.5340576171875,-12.194368362426758,-8.230817794799805,0.14717417552058856,0.17311698512027138,0.22722176057168747
27,1178,98778960,person,486.5363464355469,479.5539855957031,-3.476996898651123,-8.228719711303711,-0.3370277917207177,-0.06175397047355993,0.34263870951979836
12,1178,98778960,person,150.8630214005243,479.5030822753906,-12.204482078552246,-8.234077453613281,-0.07547549347379313,-0.02432581204086987,0.07929877203690054
27,1179,98779093,person,485.4317169189453,479.54833984375,-3.5058434009552,-8.229313850402832,-0.21689099476749735,-0.004467211271587171,0.2169369945117235
12,1179,98779093,person,149.75747486948967,479.5204772949219,-12.232552528381348,-8.232246398925781,-0.21105601375264332,0.013767328477443608,0.2115045632476089
27,1180,98779326,person,483.6144256591797,479.56451416015625,-3.552701950073242,-8.227612495422363,-0.201109652867133,0.0073019527058744635,0.20124217000832
12,1180,98779326,person,150.52971905469894,479.466796875,-12.214543342590332,-8.237896919250488,0.07729264287989539,-0.02425116019187567,0.08100784785445826
27,1181,98779460,person,483.7709197998047,479.4496765136719,-3.551330804824829,-8.239699363708496,0.010232427226963327,-0.09020050959800606,0.09077904217766943
12,1181,98779460,person,152.1003212928772,479.2998962402344,-12.180127143859863,-8.255472183227539,0.256837303958722,-0.13115868639590134,0.2883886296681673
27,1182,98779593,person,482.37701416015625,479.4716491699219,-3.5870537757873535,-8.237386703491211,-0.26859376663552187,0.017388422686354557,0.26915603043397807
12,1182,98779593,person,151.10562625527382,479.4876708984375,-12.198768615722656,-8.235699653625488,-0.14016144257739074,0.14866563610564495,0.20432009530164
27,1183,98779826,person,479.8896484375,479.51861572265625,-3.650608539581299,-8.232442855834961,-0.27276722658345626,0.02121823028433476,0.27359125204295115
12,1183,98779826,person,150.26475104689598,479.327880859375,-12.226783752441406,-8.252524375915527,-0.12023663827789699,-0.07220910854094018,0.14025335839346995
27,1184,98779960,person,480.1804656982422,479.51959228515625,-3.6430251598358154,-8.232339859008789,0.05659238616032387,0.0007686330311333955,0.05659760567423118
12,1184,98779960,person,150.1129551231861,479.4584655761719,-12.225699424743652,-8.238774299621582,0.008091997744432136,0.10261250965630829,0.10293108162970918
27,1185,98780193,person,482.0083312988281,479.5211486816406,-3.5954723358154297,-8.232175827026367,0.2040893734780504,0.0007039999245574034,0.2040905876873231
12,1185,98780193,person,150.73821371793747,479.49188232421875,-12.208157539367676,-8.23525619506836,0.07528706169947022,0.015099161172629424,0.07678623787800049
27,1186,98780326,person,483.1491394042969,479.5354919433594,-3.565479040145874,-8.230666160583496,0.22551350127485462,0.011350875510308975,0.22579898501121387
12,1186,98780326,person,150.2829838246107,479.46795654296875,-12.220913887023926,-8.237774848937988,-0.09591238839285714,-0.018937247140066962,0.09776403007479925
27,1187,98780360,person,483.93109130859375,479.55694580078125,-3.5446486473083496,-8.228408813476562,0.6126586128683651,0.0663925619686351,0.6162455259119926
12,1187,98780360,person,150.92126025259495,479.51055908203125,-12.202680587768555,-8.233290672302246,0.5362735075109145,0.13188754811006434,0.5522532029826024
27,1188,98780593,person,487.7494201660156,479.6357421875,-3.443559408187866,-8.220117568969727,0.4338593953668815,0.03558474037268643,0.4353162628428985
12,1188,98780593,person,150.0024117231369,479.55718994140625,-12.224770545959473,-8.22838306427002,-0.09480668751466939,0.021062695417281382,0.09711820187660672
27,1189,98780826,person,489.2765197753906,479.5821533203125,-3.40511417388916,-8.22575569152832,0.16500100557384573,-0.024197950895252146,0.16676592178232727
12,1189,98780826,person,151.13427406549454,479.5691223144531,-12.194890022277832,-8.227127075195312,0.12824259090832885,0.005390511050244769,0.12835583248245402
27,1190,98781060,person,490.298095703125,479.5762023925781,-3.3786985874176025,-8.2263822555542,0.11288712167332314,-0.002677624042217548,0.11291887313553534
12,1190,98781060,person,150.74022510647774,479.5681457519531,-12.205170631408691,-8.227230072021484,-0.04393422705495459,-0.00044015737680288457,0.04393643186960746
27,1191,98781193,person,489.9356994628906,479.6028137207031,-3.3875010013580322,-8.22358226776123,-0.06618356346187734,0.021052539796757516,0.06945123112232356
12,1191,98781193,person,150.2309329509735,479.6037292480469,-12.217039108276367,-8.223485946655273,-0.08923666817801339,0.02815131854293938,0.09357178892817487
27,1192,98781326,person,489.3204803466797,479.57122802734375,-3.4042248725891113,-8.226905822753906,-0.12574339271488047,-0.02498913528327655,0.12820240907898164
12,1192,98781326,person,148.8724347949028,479.5342712402344,-12.255026817321777,-8.230794906616211,-0.28562187252188087,-0.054954586172462405,0.29086055181872317
27,1193,98781460,person,489.03114318847656,479.57904052734375,-3.411565065383911,-8.226083755493164,-0.054777558170147796,0.006134830304046175,0.05512002378395141
12,1193,98781460,person,150.32010942697525,479.59490966796875,-12.215060234069824,-8.224413871765137,0.2982580839697994,0.047619663067718046,0.30203562201174033
27,1194,98781593,person,488.2421417236328,479.5616149902344,-3.4324791431427,-8.227917671203613,-0.1572487049533012,-0.013788839928189614,0.15785210583345288
12,1194,98781593,person,150.43095169216394,479.4946594238281,-12.216038703918457,-8.234964370727539,-0.007356916155133928,-0.07932705986768679,0.07966747543737805
27,1195,98781726,person,487.97776794433594,479.5437316894531,-3.4397668838500977,-8.229799270629883,-0.05479504291276286,-0.014147364107289707,0.05659191319434034
12,1195,98781726,person,150.63204589486122,479.39361572265625,-12.214700698852539,-8.245601654052734,0.010060188465548637,-0.07997957387364896,0.08060979859156596
27,1196,98781860,person,486.7583770751953,479.5361022949219,-3.4716434478759766,-8.230602264404297,-0.2378848061632754,-0.005992490853836287,0.2379602717891632
12,1196,98781860,person,149.8834689380601,479.446044921875,-12.232144355773926,-8.240081787109375,-0.13017654418945312,0.0411930368907416,0.13653863535787458
27,1197,98782093,person,483.537353515625,479.4972839355469,-3.5562851428985596,-8.234687805175781,-0.36326907735014163,-0.017534509748859978,0.36369201474730795
12,1197,98782093,person,150.42081433534622,479.38653564453125,-12.220466613769531,-8.246347427368164,0.05011906439654305,-0.02689115990896593,0.05687754475392205
27,1198,98782226,person,482.7268371582031,479.5201721191406,-3.576817274093628,-8.232278823852539,-0.15437692627870947,0.01811264152813675,0.15543584898725546
12,1198,98782226,person,150.47289475798607,479.4219970703125,-12.217745780944824,-8.242613792419434,0.02045738965945136,0.028072443223537358,0.034735671293604733
27,1199,98782360,person,481.08953857421875,479.52313232421875,-3.619309902191162,-8.231966972351074,-0.3171091649069715,0.0023272500109316695,0.31711770458397653
12,1199,98782360,person,150.07896953821182,479.4997253417969,-12.224993705749512,-8.234431266784668,-0.05408899107975746,0.061063624140041975,0.08157441479497354
27,1200,98782493,person,476.29689025878906,479.58251953125,-3.742483377456665,-8.225717544555664,-0.9261163553797213,0.046988178912858315,0.9273076041203182
12,1200,98782493,person,150.54168957471848,479.48065185546875,-12.213699340820312,-8.236438751220703,0.08492003706164826,-0.015093867940113956,0.08625101474153979
27,1201,98782726,person,473.4761199951172,479.6361999511719,-3.8145172595977783,-8.22006893157959,-0.30915829245112997,0.02424297414624128,0.310107354938179
12,1201,98782726,person,150.62560188770294,479.46331787109375,-12.21218490600586,-8.238263130187988,0.006499720233704399,-0.007829952649292515,0.010176174212668986
27,1202,98782960,person,472.0952453613281,479.68670654296875,-3.8491950035095215,-8.21475601196289,-0.1481954868023212,0.022704784686748795,0.14992467961029157
12,1202,98782960,person,150.3202641904354,479.4493713378906,-12.220660209655762,-8.239731788635254,-0.03621924636710403,-0.006276318150707799,0.03675902578863976
27,1203,98783093,person,471.6302795410156,479.7095947265625,-3.8607289791107178,-8.212347984313965,-0.08672162106162623,0.018105471044554747,0.088591464833253
12,1203,98783093,person,150.4661259651184,479.47772216796875,-12.215776443481445,-8.236746788024902,0.03672004642343162,0.022443613611665882,0.043035771182688566
27,1204,98783226,person,471.24241638183594,479.6653747558594,-3.871870756149292,-8.217000007629395,-0.08377275968852796,-0.034977618913005167,0.09078165613523072
12,1204,98783226,person,150.20705991983414,479.4939270019531,-12.221887588500977,-8.235041618347168,-0.045948458793468046,0.01282082464461936,0.04770361003176919
27,1205,98783460,person,473.59674072265625,479.6962585449219,-3.809945583343506,-8.213750839233398,0.26463749062301767,0.013885335025624331,0.26500151692400103
12,1205,98783460,person,150.02800583839417,479.4613952636719,-12.227795600891113,-8.238466262817383,-0.025247916197165463,-0.014635232778695913,0.02918299694660755
27,1206,98783593,person,474.0867919921875,479.7217712402344,-3.796600341796875,-8.211067199707031,0.1003401620047433,0.020177740799753287,0.10234886093611477
12,1206,98783593,person,150.27703231573105,479.5719909667969,-12.217061996459961,-8.226825714111328,0.08070379271543116,0.08752292260191494,0.1190519388310668
27,1207,98783726,person,475.0058288574219,479.7252197265625,-3.7726354598999023,-8.210704803466797,0.18018708193212524,0.002724783761160714,0.18020768280447838
12,1207,98783726,person,150.56217086315155,479.54705810546875,-12.210610389709473,-8.229449272155762,0.048508321432242714,-0.01972600033408717,0.052365755387984096
27,1208,98783860,person,475.21942138671875,479.70721435546875,-3.76751446723938,-8.21259880065918,0.038216363138227315,-0.014134307405841883,0.04074639931767832
12,1208,98783860,person,150.0832683146,479.4908142089844,-12.225225448608398,-8.235368728637695,-0.10906760372332672,-0.044175048372638755,0.11767402891323814
27,1209,98783993,person,474.89849853515625,479.65655517578125,-3.7770636081695557,-8.217927932739258,-0.07179805210658481,-0.0400686622562265,0.08222200424036998
12,1209,98783993,person,149.11251497268677,479.4819641113281,-12.250802993774414,-8.236300468444824,-0.1923123696692904,-0.007005562459615836,0.19243992681663905
27,1210,98784226,person,475.84779357910156,479.6329040527344,-3.752955913543701,-8.220416069030762,0.10346650054014803,-0.010678696530059683,0.10401611074062307
12,1210,98784226,person,153.08657437562943,479.4778137207031,-12.147647857666016,-8.236737251281738,0.44272590604462847,-0.0018746044502749462,0.44272987478244813
27,1211,98784260,person,475.9461975097656,479.6050720214844,-3.751060962677002,-8.223343849182129,0.05573384902056525,-0.08611118092256433,0.10257386317442553
12,1211,98784260,person,153.489835947752,479.4576416015625,-12.137937545776367,-8.238861083984375,0.28559740851907167,-0.06246566772460937,0.2923488317012586
27,1212,98784493,person,477.973876953125,479.61273193359375,-3.698176145553589,-8.222537994384766,0.2269734640489832,0.003458604280529104,0.22699981349323695
12,1212,98784493,person,151.19078320264816,479.4671630859375,-12.197343826293945,-8.237858772277832,-0.25496257732866145,0.00430176698087111,0.25499886477635814
27,1213,98784726,person,477.14337158203125,479.5905456542969,-3.720289707183838,-8.224872589111328,-0.09490798982939494,-0.010019719856491416,0.09543543010569555
12,1213,98784726,person,150.32910853624344,479.4851989746094,-12.219050407409668,-8.235960006713867,-0.09316129234215732,0.008149208429033664,0.09351703582171932
27,1214,98784960,person,476.9067840576172,479.6247253417969,-3.72562575340271,-8.22127628326416,-0.02280361631996611,0.015368828406700721,0.027499196422129064
12,1214,98784960,person,150.22730299830437,479.43096923828125,-12.223786354064941,-8.241668701171875,-0.020239088270399306,-0.024396130162426546,0.03169845202717434
27,1215,98785093,person,477.0910339355469,479.6397399902344,-3.720480442047119,-8.219696998596191,0.03868655154579564,0.011874320811795113,0.0404678732483798
12,1215,98785093,person,149.7865710258484,479.4828186035156,-12.233246803283691,-8.236210823059082,-0.07113119713345864,0.041036677539796756,0.08211976686002107
27,1216,98785326,person,476.92071533203125,479.62237548828125,-3.7253198623657227,-8.22152328491211,-0.020770044285851996,-0.007838138694926904,0.02219980085129512
12,1216,98785326,person,150.19558587670326,479.5029296875,-12.22183895111084,-8.23409366607666,0.04896073893927709,0.009086510654171136,0.04979677332266027
27,1217,98785460,person,477.54661560058594,479.56524658203125,-3.710408926010132,-8.227535247802734,0.11127564444470761,-0.04486539470615671,0.11997988451704819
12,1217,98785460,person,150.1353985965252,479.4878234863281,-12.22398567199707,-8.23568344116211,-0.0160203051211229,-0.011863993174994168,0.019935007154003852
27,1218,98785593,person,478.86279296875,479.5129699707031,-3.677436351776123,-8.233036994934082,0.24791409198502848,-0.041366519784568845,0.25134157229524984
12,1218,98785593,person,150.54836612939835,479.41876220703125,-12.21590805053711,-8.24295425415039,0.06073399593955592,-0.05466776682918233,0.08171403179917047
27,1219,98785726,person,479.1435089111328,479.6590576171875,-3.6666791439056396,-8.21766471862793,0.0808812621840857,0.11558102485828829,0.14107002473872
12,1219,98785726,person,150.47104232013226,479.44879150390625,-12.21676254272461,-8.239792823791504,-0.006424753289473684,0.02377015307433623,0.024623111745024816
27,1220,98785860,person,479.1796112060547,479.7008972167969,-3.6647493839263916,-8.213263511657715,0.014401193874985424,0.03284482813593167,0.03586331161931098
12,1220,98785860,person,150.56131500005722,479.451416015625,-12.214314460754395,-8.239516258239746,0.018269268434439132,0.002063922028043377,0.0183854818611707
27,1221,98785993,person,479.95404052734375,479.5264587402344,-3.6487491130828857,-8.231616973876953,0.12030278829703653,-0.13799595653562616,0.18307278577719852
12,1221,98785993,person,150.2411128282547,479.4936218261719,-12.221014022827148,-8.23507308959961,-0.050372647163563204,0.033407283008546756,0.06044377668774486
27,1222,98786126,person,479.5997314453125,479.51507568359375,-3.658228874206543,-8.232815742492676,-0.07127639942599417,-0.009013297862576363,0.07184403004769002
12,1222,98786126,person,150.24967175722122,479.4841003417969,-12.221158027648926,-8.236075401306152,-0.0010827430208822837,-0.0075361782446839755,0.0076135612550840715
27,1223,98786260,person,480.24952697753906,479.5057373046875,-3.6415581703186035,-8.233798027038574,0.12440823796969741,-0.007330481685809235,0.12462401709329886
12,1223,98786260,person,149.30949074029922,479.5480041503906,-12.243136405944824,-8.229350090026855,-0.164017748476854,0.05018889014400653,0.17152476937545694
27,1224,98786493,person,478.5956726074219,479.4888610839844,-3.6849520206451416,-8.235574722290039,-0.18623970097226644,-0.0076253015084328055,0.18639573879607263
12,1224,98786493,person,148.49796149134636,479.49896240234375,-12.266124725341797,-8.234511375427246,-0.09866231500846633,-0.02215143948665504,0.10111843884356987
27,1225,98786626,person,478.5447235107422,479.46270751953125,-3.686896562576294,-8.238327980041504,-0.014620616023701832,-0.020701186101239426,0.02534366822128705
12,1225,98786626,person,144.87432995438576,479.412353515625,-12.363682746887207,-8.243629455566406,-0.7335189589880462,-0.06855699352751997,0.7367157691786158
27,1226,98786860,person,478.10911560058594,479.4424133300781,-3.6987035274505615,-8.240464210510254,-0.05045711484729734,-0.009129190037393162,0.0512763351796147
12,1226,98786860,person,148.4255669414997,479.5102844238281,-12.267569541931152,-8.233319282531738,0.4107401921198918,0.044060568524222084,0.4130966462238144
27,1227,98786993,person,477.3688201904297,479.4702453613281,-3.7172887325286865,-8.237534523010254,-0.13973838404605263,0.022027725563909775,0.14146390588882035
12,1227,98786993,person,148.11083054542542,479.4694519042969,-12.277327537536621,-8.237617492675781,-0.07336838801104323,-0.03231736950408247,0.0801706475650683
27,1228,98787126,person,478.3767547607422,479.504150390625,-3.6902801990509033,-8.233964920043945,0.20307168028408423,0.026839120047433034,0.204837608115116
12,1228,98787126,person,149.41971051692963,479.51654052734375,-12.241484642028809,-8.232661247253418,0.2694954549459586,0.037265003175663766,0.27205970061405904
27,1229,98787260,person,477.63079833984375,479.6539001464844,-3.706115484237671,-8.218207359313965,-0.1181737700505043,0.11759373679089902,0.16671330738845266
12,1229,98787260,person,149.56816475093365,479.4652404785156,-12.239602088928223,-8.23806095123291,0.014048903735715951,-0.04029629835441931,0.0426750905944415
27,1230,98787393,person,477.7723083496094,479.4883728027344,-3.7063686847686768,-8.235626220703125,-0.001903763391021499,-0.13096888262526432,0.1309827184446836
12,1230,98787393,person,149.5350567549467,479.4226379394531,-12.242105484008789,-8.242546081542969,-0.018822519402754933,-0.03372278428615484,0.03862011673568087
27,1231,98787626,person,479.2281188964844,479.52984619140625,-3.667539596557617,-8.231260299682617,0.1666484472577664,0.018737858457115075,0.1676985757631335
12,1231,98787626,person,149.96920309960842,479.52020263671875,-12.227058410644531,-8.23227596282959,0.06457971400969018,0.0440777627183644,0.0781881616859599
27,1232,98787860,person,479.08673095703125,479.51397705078125,-3.671590805053711,-8.232931137084961,-0.01731285682091346,-0.007140330779246794,0.018727502100881175
12,1232,98787860,person,151.04233139753342,479.5299377441406,-12.198787689208984,-8.231250762939453,0.12081504886985843,0.004381196111695379,0.12089446187810017
27,1233,98787993,person,479.78111267089844,479.5161437988281,-3.6534881591796875,-8.23270320892334,0.13611011935355968,0.0017137455760984491,0.1361209077046574
12,1233,98787993,person,150.76038205623627,479.5351867675781,-12.205915451049805,-8.230698585510254,-0.05359219429188205,0.004151709993979088,0.05375276723009654
27,1234,98788126,person,478.4738464355469,479.5332336425781,-3.6870665550231934,-8.230904579162598,-0.25246914168049517,0.013523532035655544,0.25283107684698364
12,1234,98788126,person,150.2561264578253,479.6332702636719,-12.21524715423584,-8.220376968383789,-0.07016318184988839,0.07760614380800634,0.10462115294742966
27,1235,98788360,person,478.90374755859375,479.583251953125,-3.674705982208252,-8.225640296936035,0.05282296074761284,0.022496932592147436,0.057414085015782254
12,1235,98788360,person,150.79371631145477,479.564697265625,-12.203912734985352,-8.227592468261719,0.04843768910465077,-0.030835469563802082,0.05741982156902761
27,1236,98788393,person,478.67942810058594,479.6817626953125,-3.67820143699646,-8.215275764465332,-0.10592287236993962,0.3140767415364583,0.3314571683721107
12,1236,98788393,person,150.7007259428501,479.5152893066406,-12.208230972290039,-8.232792854309082,-0.13085567589962122,-0.15758745598070548,0.20483411385220357
27,1237,98788626,person,478.6887969970703,479.6803283691406,-3.677992582321167,-8.215426445007324,0.000896371996965531,-0.0006466976051166845,0.0011053056361964456
12,1237,98788626,person,150.53996977210045,479.5743103027344,-12.210139274597168,-8.226581573486328,-0.008190138657205605,0.026657857608385863,0.027887627068168233
27,1238,98788860,person,478.0921173095703,479.69183349609375,-3.6932263374328613,-8.214216232299805,-0.06510151757134332,0.005171849177433894,0.06530662764226956
12,1238,98788860,person,150.3406818807125,479.5408020019531,-12.216609001159668,-8.230107307434082,-0.02764840411324786,-0.015067239092965411,0.03148739341219032
27,1239,98788993,person,477.8606872558594,479.6411437988281,-3.7004435062408447,-8.219549179077148,-0.05426442712769472,-0.04009734419055451,0.06747166118180792
12,1239,98788993,person,150.1341922879219,479.5821533203125,-12.22038459777832,-8.22575569152832,-0.02838794450114544,0.03271891658467457,0.04331746640184542
27,1240,98789126,person,477.6693572998047,479.6142578125,-3.706054449081421,-8.22237777709961,-0.042187540154708054,-0.021267654304217575,0.04724512317593011
12,1240,98789126,person,149.67400950193405,479.40692138671875,-12.23909854888916,-8.244200706481934,-0.14070639932962287,-0.13868432295949834,0.19756424840299858
27,1241,98789360,person,477.9543151855469,479.6541442871094,-3.6977016925811768,-8.218181610107422,0.035695540599333934,0.017932337573450852,0.03994671888311848
12,1241,98789360,person,149.63420981168747,479.4034423828125,-12.240267753601074,-8.244566917419434,-0.004996601332966079,-0.0015650040064102563,0.00523595859615778
27,1242,98789393,person,477.24839782714844,479.6397705078125,-3.7163894176483154,-8.219693183898926,-0.5662946990042022,-0.045805266409209275,0.5681441793691796
12,1242,98789393,person,149.55357132852077,479.3777770996094,-12.243353843688965,-8.247269630432129,-0.09351788145123105,-0.08190039432410037,0.12431117705809738
27,1243,98789626,person,475.01025390625,479.60382080078125,-3.7754178047180176,-8.22347640991211,-0.2533407170373483,-0.016237021515809413,0.2538605124407942
12,1243,98789626,person,150.23234832286835,479.6521301269531,-12.215139389038086,-8.218393325805664,0.12109208004669057,0.12393263788182336,0.17327028187886484
27,1244,98789760,person,474.84130859375,479.59124755859375,-3.780109167098999,-8.224799156188965,-0.03501016702224959,-0.009871240872055737,0.03637517273196041
12,1244,98789760,person,149.8583893030882,479.50726318359375,-12.230438232421875,-8.233637809753418,-0.1141704730133512,-0.11376480558025302,0.16117483642555722
27,1245,98789893,person,474.82545471191406,479.6123046875,-3.7800188064575195,-8.222583770751953,0.0006794033193946781,0.016657033360990364,0.016670883277725583
12,1245,98789893,person,150.23705886304379,479.6322021484375,-12.21578311920166,-8.220489501953125,0.11018882120462288,0.0988594571450599,0.14803637588606486
27,1246,98790026,person,475.609619140625,479.60723876953125,-3.7597575187683105,-8.223115921020508,0.15234050894142093,-0.004001129838757049,0.15239304349122285
12,1246,98790026,person,150.29273855686188,479.6065673828125,-12.215323448181152,-8.223187446594238,0.0034561730865249056,-0.020285298053483315,0.020577620113187846
27,1247,98790160,person,474.1433410644531,479.6290588378906,-3.797347068786621,-8.220820426940918,-0.28051902998739214,0.017130552832760028,0.28104160194786715
12,1247,98790160,person,150.19098012149334,479.6405944824219,-12.216658592224121,-8.219606399536133,-0.009963761514692164,0.02672423177690648,0.02852123958714766
27,1248,98790293,person,431.5228271484375,479.7072448730469,-4.9030656814575195,-8.21259593963623,-8.313673779480439,0.06183825041118421,8.313903757010571
12,1248,98790293,person,150.09935818612576,479.5947265625,-12.220805168151855,-8.224432945251465,-0.03117726261454417,-0.03628981740851151,0.04784320799945755
27,1249,98790426,person,419.6920394897461,479.6479187011719,-5.212078094482422,-8.218835830688477,-2.323401601690995,-0.0469164740770383,2.323875245851227
12,1249,98790426,person,149.74348337948322,479.4555969238281,-12.235416412353516,-8.239076614379883,-0.10985897895985079,-0.11010277540163886,0.15553654364568048
27,1250,98790660,person,415.64534759521484,479.81689453125,-5.31276798248291,-8.201064109802246,-0.4302986666687533,0.07594752515483105,0.4369496185077298
12,1250,98790660,person,149.36780765652657,479.51617431640625,-12.242847442626953,-8.232699394226074,-0.031756539630074784,0.027253077580378603,0.04184743775762914
27,1251,98790693,person,414.3783416748047,479.84686279296875,-5.34489107131958,-8.19791316986084,-0.9734269344445431,0.09548302852746211,0.9780986685600165
12,1251,98790693,person,147.89154364168644,479.51202392578125,-12.281384468078613,-8.233136177062988,-1.1677886500503076,-0.013235843542850378,1.1678636558865125
27,1252,98790926,person,447.32301330566406,479.6827697753906,-4.493078231811523,-8.215169906616211,3.6558490966011012,-0.07406324787712916,3.656599237242878
12,1252,98790926,person,148.77672766149044,479.570068359375,-12.256134033203125,-8.227027893066406,0.10837096513085098,0.026215811144128888,0.11149679294641955
27,1253,98791160,person,420.41749572753906,479.75616455078125,-5.190375328063965,-8.207450866699219,-2.979902120736929,0.03298735007261618,2.9800846992052525
12,1253,98791160,person,148.00766633450985,479.582763671875,-12.275634765625,-8.225691795349121,-0.08333646334134615,0.005709819304637419,0.08353183919162285
27,1254,98791193,person,415.15943908691406,479.7890319824219,-5.3261332511901855,-8.203993797302246,-4.113876458370324,0.1047596786961411,4.115210092451427
12,1254,98791193,person,148.89691543579102,479.603271484375,-12.251729965209961,-8.223533630371094,0.7243878913648201,0.06539893872810132,0.7273340624106177
27,1255,98791426,person,445.58351135253906,479.81414794921875,-4.534976482391357,-8.201353073120117,3.395522612870507,0.011333580180810756,3.395541527437806
12,1255,98791426,person,148.8707632869482,479.48211669921875,-12.25708293914795,-8.236284255981445,-0.02297413707291108,-0.05472371506588653,0.059350618908796934
27,1256,98791660,person,456.2768249511719,479.8047180175781,-4.257370948791504,-8.20234489440918,1.1863484341874082,-0.004238552517361111,1.1863560058542113
12,1256,98791660,person,148.9292578101158,479.5438537597656,-12.253180503845215,-8.22978687286377,0.016677073943309292,0.02776659451998197,0.032389945454534164
27,1257,98791693,person,423.7724075317383,479.62396240234375,-5.1066575050354,-8.221356391906738,-25.735956249815043,-0.5761059847745028,25.74240358237915
12,1257,98791693,person,147.71776005625725,479.47894287109375,-12.287179946899414,-8.236618995666504,-1.030286153157552,-0.2070340243252841,1.0508818414153462
27,1258,98791926,person,414.71431732177734,479.56805419921875,-5.343571662902832,-8.227239608764648,-1.0167989608044277,-0.025249857759271056,1.0171124234861293
12,1258,98791926,person,147.74046221375465,479.4505310058594,-12.287687301635742,-8.239609718322754,-0.0021774881387473174,-0.01283571955472103,0.013019107153788737
27,1259,98792060,person,432.02757263183594,479.60284423828125,-4.892642021179199,-8.223578453063965,3.3651465800271105,0.02732205746778801,3.3652574938468574
12,1259,98792060,person,148.73393854498863,479.46856689453125,-12.261162757873535,-8.237710952758789,0.19794435643438082,0.014169892268394355,0.19845088584110454
27,1260,98792093,person,454.4748840332031,479.76519775390625,-4.305170059204102,-8.206500053405762,17.80218066591205,0.5175272623697916,17.8097015957334
12,1260,98792093,person,149.21802711486816,479.54888916015625,-12.245479583740234,-8.229256629943848,0.47524770100911456,0.2561916004527699,0.539902318440105
27,1261,98792326,person,463.6535186767578,479.6121826171875,-4.070396900177002,-8.222596168518066,1.0076101245798266,-0.0690820391086038,1.00997549043686
12,1261,98792326,person,149.37170384824276,479.5617370605469,-12.24099063873291,-8.227904319763184,0.019265858400533128,0.005803906354781384,0.020121099097327278
27,1262,98792460,person,465.34356689453125,479.5769348144531,-4.027326583862305,-8.22630500793457,0.32142027100520343,-0.02767790609331273,0.3226097597698629
12,1262,98792460,person,149.66408282518387,479.5700378417969,-12.233070373535156,-8.227030754089355,0.059106456699656015,0.006519146819612872,0.05946488458614865
27,1263,98792493,person,465.45997619628906,479.5883483886719,-4.024023532867432,-8.225104331970215,0.10009245439009233,0.0363841201319839,0.10650025175374633
12,1263,98792493,person,149.61312727630138,479.5636901855469,-12.234639167785645,-8.227699279785156,-0.0475392197117661,-0.02025835441820549,0.05167570352242141
27,1264,98792726,person,466.12181091308594,479.63763427734375,-4.005623817443848,-8.219918251037598,0.07896873572353641,0.02225785807990209,0.08204555727203515
12,1264,98792726,person,149.48574452102184,479.6025695800781,-12.236452102661133,-8.223608016967773,-0.007780836375486185,0.017559067885763145,0.019205787662028538
27,1265,98792960,person,465.53968811035156,479.7060546875,-4.019092082977295,-8.21272087097168,-0.0575566903138772,0.030758034469734907,0.06525970643765544
12,1265,98792960,person,149.47865457832813,479.5838928222656,-12.237356185913086,-8.22557258605957,-0.0038636036408253205,-0.008395594409388354,0.009241939113646642
27,1266,98792993,person,465.2521209716797,479.6979675292969,-4.026761054992676,-8.213571548461914,-0.23239309137517755,-0.02577810576467803,0.23381843309655154
12,1266,98792993,person,149.6919947564602,479.5749816894531,-12.23215389251709,-8.226511001586914,0.15764525442412405,-0.028436834161931816,0.16018951207741416
27,1267,98793226,person,466.71913146972656,479.7076721191406,-3.9884026050567627,-8.212550163269043,0.16462854049748105,0.004383627437214994,0.16468689242267903
12,1267,98793226,person,149.99368724226952,479.5806579589844,-12.22409439086914,-8.225913047790527,0.034590135828108236,0.002566325306380767,0.03468520609979343
27,1268,98793360,person,466.63511657714844,479.6937255859375,-3.9909231662750244,-8.214017868041992,-0.018810158345236704,-0.010953020693650886,0.02176673423571902
12,1268,98793360,person,150.02268874645233,479.5821228027344,-12.223283767700195,-8.225759506225586,0.006049426633920242,0.001145832574189599,0.00615698748474102
27,1269,98793393,person,466.1283721923828,479.68096923828125,-4.0044026374816895,-8.215359687805176,-0.4084688244443951,-0.04066120494495738,0.4104876540537631
12,1269,98793393,person,150.1041765511036,479.5692443847656,-12.221661567687988,-8.2271146774292,0.049157576127485794,-0.04106579404888731,0.06405362387558716
27,1270,98793626,person,466.69422912597656,479.6846923828125,-3.9896066188812256,-8.214967727661133,0.0635022257530638,0.0016822323778668186,0.06352450378685554
12,1270,98793626,person,150.15312841534615,479.5862731933594,-12.219733238220215,-8.225322723388672,0.008276092136366684,0.007690789873507913,0.011297873690570379
27,1271,98793760,person,466.5508575439453,479.6626892089844,-3.993865966796875,-8.21728229522705,-0.031786178474995624,-0.017272892282969916,0.036176151672937196
12,1271,98793760,person,150.10588464140892,479.6020202636719,-12.220355033874512,-8.223665237426758,-0.004640266076842351,0.012369298223239272,0.013211041132300061
27,1272,98793893,person,469.8954162597656,479.6980285644531,-3.9060916900634766,-8.2135648727417,0.659956967920289,0.027950545002643327,0.6605485844905629
12,1272,98793893,person,149.9475048929453,479.6014404296875,-12.224493980407715,-8.223726272583008,-0.031119898745888157,-0.0004589109492481203,0.031123282237156016
27,1273,98794026,person,469.80943298339844,479.7089538574219,-3.908062696456909,-8.21241569519043,-0.014819596943102383,0.008640432716312265,0.017154519261148908
12,1273,98794026,person,149.81898102164268,479.5762023925781,-12.228806495666504,-8.2263822555542,-0.0324249267578125,-0.019969796775875234,0.038081080059778526
27,1274,98794160,person,470.3544464111328,479.6916809082031,-3.8943159580230713,-8.214232444763184,0.10258760025252156,-0.013557832632491837,0.10347961418203018
12,1274,98794160,person,149.70290532708168,479.5697326660156,-12.232072830200195,-8.227063179016113,-0.02437563084844333,-0.005081518372493004,0.02489966281357171
27,1275,98794293,person,470.93101501464844,479.6585998535156,-3.880126714706421,-8.21771240234375,0.10668603997481496,-0.026165094590724858,0.10984772778919642
12,1275,98794293,person,149.75652942061424,479.5342102050781,-12.232048034667969,-8.230801582336426,0.00018643257313204887,-0.028108295641447366,0.028108913905936204
27,1276,98794526,person,469.8202362060547,479.7349548339844,-3.9071555137634277,-8.209681510925293,-0.11600342942921388,0.034467345143592405,0.12101567468962907
12,1276,98794526,person,150.2557834982872,479.541748046875,-12.218779563903809,-8.230008125305176,0.056946226455622986,0.0034053949839055794,0.057047957216113394
27,1277,98794660,person,472.85009765625,479.70263671875,-3.8291962146759033,-8.213080406188965,0.581785814086003,-0.02536489002740205,0.5823384850049115
12,1277,98794660,person,150.3483736217022,479.5061340332031,-12.217743873596191,-8.233756065368652,0.007729032146396921,-0.027969701966243002,0.02901796281616776
27,1278,98794793,person,472.7405548095703,479.68560791015625,-3.832451581954956,-8.214871406555176,-0.024476445707163414,-0.01346616816699953,0.027936250277330165
12,1278,98794793,person,150.24744006991386,479.5603332519531,-12.218280792236328,-8.228052139282227,-0.004036982256667058,0.042886662303953244,0.04307624669483135
27,1279,98794926,person,472.5607604980469,479.7134094238281,-3.8364570140838623,-8.211947441101074,-0.030116031044407892,0.02198470266241776,0.03728676007677066
12,1279,98794926,person,150.3241432607174,479.5517578125,-12.2166166305542,-8.228954315185547,0.01251249385059328,-0.006783277468573778,0.014232896949560033
27,1280,98795060,person,473.8284606933594,479.6939392089844,-3.8039791584014893,-8.213994979858398,0.24237205733114212,-0.015280139980031483,0.242853241388168
12,1280,98795060,person,150.11738392710686,479.5584411621094,-12.221734046936035,-8.228251457214355,-0.03818967449131296,0.005245208740234375,0.038548196488046894
27,1281,98795193,person,474.7711944580078,479.6351318359375,-3.780884027481079,-8.220181465148926,0.1736476009053395,-0.046514926996446194,0.17976965187056682
12,1281,98795193,person,150.38901790976524,479.493896484375,-12.217158317565918,-8.235044479370117,0.034403980226445016,-0.051075354554599384,0.06158186176383153
27,1282,98795426,person,473.4888153076172,479.6944580078125,-3.812793016433716,-8.213940620422363,-0.13694845044050094,0.026784741315718882,0.13954318487623937
12,1282,98795426,person,150.5127618908882,479.52655029296875,-12.212684631347656,-8.231607437133789,0.01920037003545802,0.014751254233167917,0.0242126766581076
27,1283,98795660,person,474.9264831542969,479.65325927734375,-3.7764148712158203,-8.218274116516113,0.1554621590508355,-0.0185192140758547,0.15656131127048792
12,1283,98795660,person,150.15323001146317,479.51123046875,-12.222620010375977,-8.233220100402832,-0.04245888473641159,-0.006891723371978498,0.04301456432530451
27,1284,98795693,person,474.84498596191406,479.6156311035156,-3.7794318199157715,-8.222233772277832,-0.09142268787730823,-0.11998956853693181,0.1508496086053616
12,1284,98795693,person,150.1331824362278,479.5726318359375,-12.22077751159668,-8.226758003234863,0.055833296342329544,0.19582112630208331,0.20362531887431595
27,1285,98795926,person,474.9649353027344,479.6493225097656,-3.7755095958709717,-8.21868896484375,0.01683357959141547,0.015213765811510863,0.022689823093801683
12,1285,98795926,person,150.3934701383114,479.5525817871094,-12.214783668518066,-8.228867530822754,0.025724648406065583,-0.009053766471633582,0.02727138102367698
27,1286,98796060,person,476.16632080078125,479.638671875,-3.744539260864258,-8.219809532165527,0.2311219030351781,-0.008362442699830924,0.23127313832460142
12,1286,98796060,person,150.22348026931286,479.5262451171875,-12.220215797424316,-8.231639862060547,-0.040538275419776115,-0.02068903908800723,0.04551250501120231
27,1287,98796193,person,477.1478271484375,479.62640380859375,-3.7193212509155273,-8.221099853515625,0.18960909735887568,-0.009701664286448542,0.18985713600277065
12,1287,98796193,person,150.3140161037445,479.5661926269531,-12.216324806213379,-8.227435111999512,0.029255573014567667,0.03161466211304629,0.04307406891544824
27,1288,98796326,person,476.46730041503906,479.6454772949219,-3.736555337905884,-8.219093322753906,-0.12957960143125147,0.015086697456531954,0.13045490235030233
12,1288,98796326,person,150.44015648961067,479.54241943359375,-12.213960647583008,-8.229937553405762,0.01777562879978266,-0.01881534891917293,0.02588417149877285
27,1289,98796460,person,476.6574401855469,479.6455383300781,-3.731611728668213,-8.219086647033691,0.036892606251275356,4.981880757346082e-05,0.036892639888265376
12,1289,98796460,person,150.18411368131638,479.549560546875,-12.220341682434082,-8.229186058044434,-0.047619663067718046,0.005608174338269589,0.04794876359293757
27,1290,98796593,person,478.346435546875,479.583740234375,-3.689180374145508,-8.22558879852295,0.3190327407722186,-0.048888357062088814,0.32275681424388847
12,1290,98796593,person,149.910026460886,479.53271484375,-12.22811508178711,-8.230958938598633,-0.05844661167689732,-0.013329928978941493,0.05994742215553271
27,1291,98796826,person,479.0331726074219,479.66259765625,-3.6694624423980713,-8.217291831970215,0.0846263165126031,0.03560929850958959,0.09181304693144837
12,1291,98796826,person,150.30406625568867,479.607666015625,-12.214986801147461,-8.223071098327637,0.056344552101495436,0.03385339172101327,0.06573249335400647
27,1292,98797060,person,479.40574645996094,479.6269226074219,-3.660623550415039,-8.22104549407959,0.03777304266253088,-0.016041291065705128,0.041038101455111796
12,1292,98797060,person,150.35106454789639,479.5710754394531,-12.215173721313477,-8.226922035217285,-0.0007988041282719016,-0.01645699525490785,0.016476370378678787
27,1293,98797093,person,478.86761474609375,479.618896484375,-3.674800395965576,-8.22188949584961,-0.42960138031930634,-0.025575811212713066,0.43036201980593225
12,1293,98797093,person,150.1251415014267,479.47845458984375,-12.224613189697266,-8.236669540405273,-0.2860444964784564,-0.29537894509055396,0.4111814382586137
27,1294,98797326,person,477.0455627441406,479.7308654785156,-3.719496011734009,-8.210111618041992,-0.19182667711773654,0.05054883179234844,0.19837504492653174
12,1294,98797326,person,150.35306103527546,479.6026306152344,-12.213907241821289,-8.223601341247559,0.04594827414582216,0.0560866916640122,0.07250490244661809
27,1295,98797460,person,476.5863494873047,479.6133728027344,-3.734224319458008,-8.222471237182617,-0.10991274420894794,-0.09223596373600745,0.1434861817244145
12,1295,98797460,person,150.67557173967361,479.5503845214844,-12.207534790039062,-8.22909927368164,0.0475556103151236,-0.04102934652300023,0.0628087840078784
27,1296,98797493,person,476.9958801269531,479.677734375,-3.722050189971924,-8.215700149536133,0.3689130147298177,0.20518447413589014,0.4221344345862636
12,1296,98797493,person,150.09706757962704,479.5404968261719,-12.222953796386719,-8.23013973236084,-0.4672426165956439,-0.03152905088482481,0.46830518234677027
27,1297,98797726,person,477.9517059326172,479.6716003417969,-3.697354793548584,-8.216344833374023,0.10598882585124396,-0.002766883424423283,0.10602493503515892
12,1297,98797726,person,150.1381135582924,479.5801086425781,-12.22036075592041,-8.225971221923828,0.011128929039951045,0.017890602733955874,0.021069568760667484
27,1298,98797860,person,478.27085876464844,479.6654968261719,-3.6892051696777344,-8.216986656188965,0.060818088588429915,-0.004789722499562733,0.06100640409967569
12,1298,98797860,person,150.03961117565632,479.5384216308594,-12.224526405334473,-8.230358123779297,-0.03108693592583955,-0.03273807354827425,0.04514619635040662
27,1299,98797893,person,479.9614562988281,479.7170104980469,-3.6440505981445312,-8.211568832397461,1.3683203494910037,0.1641764785304214,1.3781344255673438
12,1299,98797893,person,150.08450317382812,479.51202392578125,-12.224376678466797,-8.233136177062988,0.004537177808357007,-0.08418343283913352,0.08430561278494778
27,1300,98798126,person,479.9879150390625,479.6785888671875,-3.6442713737487793,-8.215609550476074,-0.0009475347821804586,-0.01734213767645185,0.017368003954181165
12,1300,98798126,person,150.28660780191422,479.5198059082031,-12.218823432922363,-8.232316970825195,0.02383367186452186,0.0035159065999698226,0.02409160670784355
27,1301,98798260,person,479.6296691894531,479.6930847167969,-3.6532387733459473,-8.21408462524414,-0.06692089251617887,0.01138003904428055,0.06788159650311205
12,1301,98798260,person,150.18329766392708,479.55975341796875,-12.219969749450684,-8.228113174438477,-0.008554600957614272,0.031371614826259324,0.032517063433698756
27,1302,98798393,person,479.6175079345703,479.6938171386719,-3.6535377502441406,-8.214008331298828,-0.002247946602957589,0.0005736386865601503,0.002319983894872337
12,1302,98798393,person,150.0391524732113,479.53057861328125,-12.224841117858887,-8.231184005737305,-0.0366268301368656,-0.023088957134046052,0.04329693554297605
27,1303,98798626,person,479.75486755371094,479.6053466796875,-3.65205979347229,-8.223315238952637,0.006343162110946721,-0.03994380967299825,0.04044432762153994
12,1303,98798626,person,151.21834483742714,479.5130920410156,-12.194860458374023,-8.233023643493652,0.12867235830413426,-0.007895441014367623,0.12891436607437848
27,1304,98798760,person,480.0193634033203,479.63543701171875,-3.644474506378174,-8.220149040222168,0.056606620105344854,0.023628348734841417,0.06134010355131555
12,1304,98798760,person,154.55812549591064,479.53515625,-12.107193946838379,-8.230701446533203,0.6542276980271979,0.01732982806305387,0.6544571825617482
27,1305,98798893,person,480.0567321777344,479.6588134765625,-3.6429502964019775,-8.217690467834473,0.011460225384934504,0.018485506674400846,0.021749729259988856
12,1305,98798893,person,138.40208515524864,479.44464111328125,-12.5307035446167,-8.240229606628418,-3.1842826900625587,-0.07164030146778078,3.1850884733436273
27,1306,98799126,person,482.4192352294922,479.6622619628906,-3.5814688205718994,-8.217327117919922,0.26386899497887606,0.0015594416933509925,0.26387360301772717
12,1306,98799126,person,165.9682888686657,479.4107666015625,-11.815289497375488,-8.243796348571777,3.0704465546833086,-0.01530790533630633,3.0704847137109126
27,1307,98799260,person,480.5718536376953,479.5736083984375,-3.631575345993042,-8.226655006408691,-0.37392929418763116,-0.06961110812514575,0.38035355056324993
12,1307,98799260,person,180.31755790114403,479.5445556640625,-11.437230110168457,-8.22971248626709,2.821338710500233,0.10510345003498134,2.823295743378007
27,1308,98799493,person,482.3203887939453,479.5887145996094,-3.5857696533203125,-8.225065231323242,0.1965909556769506,0.006823069036262741,0.1967093239403012
12,1308,98799493,person,177.79052034020424,479.1752014160156,-11.516691207885742,-8.268609046936035,-0.3410347541514384,-0.16693802862208287,0.37970121008413893
27,1309,98799526,person,482.0650177001953,479.5165100097656,-3.5941083431243896,-8.232664108276367,-0.25268756982051965,-0.23026899857954544,0.34186959450735993
12,1309,98799526,person,176.1213027536869,478.67138671875,-11.578962326049805,-8.321746826171875,-1.8870035807291665,-1.6102357344193892,2.480653469166108
27,1310,98799760,person,478.99566650390625,479.60479736328125,-3.6718063354492188,-8.223373413085938,-0.33204270224285937,0.03970382560012687,0.33440805893402964
12,1310,98799760,person,171.7792446166277,478.7040710449219,-11.69077205657959,-8.318296432495117,-0.4778193612383981,0.014745272122896634,0.47804682304586965
27,1311,98799893,person,479.271240234375,479.5625915527344,-3.6656429767608643,-8.227814674377441,0.04634104276958265,-0.03339294204138275,0.0571190057962447
12,1311,98799893,person,170.17061834782362,478.619873046875,-11.735824584960938,-8.327184677124023,-0.3387408148973508,-0.06682890698425752,0.34527010077044296
27,1312,98800026,person,477.67308044433594,479.5585021972656,-3.7072818279266357,-8.22824478149414,-0.31307406891557504,-0.0032338880954828476,0.31309077063939195
12,1312,98800026,person,162.6354087740183,478.9491271972656,-11.919486999511719,-8.292441368103027,-1.38092041015625,0.26122788737591046,1.4054113946915996
27,1313,98800160,person,476.8706359863281,479.646240234375,-3.7260539531707764,-8.219013214111328,-0.14009048689657183,0.06889229390158581,0.15611371713575026
12,1313,98800160,person,162.7408808171749,479.342041015625,-11.901813507080078,-8.251032829284668,0.13189173456448228,0.30901894640566696,0.33598830170721167
27,1314,98800293,person,476.47406005859375,479.6273498535156,-3.7368106842041016,-8.221000671386719,-0.0808776769422947,-0.014943287784891917,0.08224658337830386
12,1314,98800293,person,156.72044783830643,479.4717102050781,-12.053409576416016,-8.237380027770996,-1.1398200701950187,0.10265264295993891,1.1444332036104325
27,1315,98800426,person,476.83245849609375,479.6546936035156,-3.7268452644348145,-8.218123435974121,0.07492796819012863,0.02163334896689967,0.0779884748191974
12,1315,98800426,person,164.82953107357025,479.0592346191406,-11.858217239379883,-8.280832290649414,1.4676115566626526,-0.3267087434467516,1.5035365922698156
27,1316,98800660,person,476.52854919433594,479.67620849609375,-3.7342312335968018,-8.215860366821289,-0.03156397077772352,0.009671235695863381,0.03301237724160328
12,1316,98800660,person,167.02528347074986,478.7823791503906,-11.811565399169922,-8.31003189086914,0.19936683850410655,-0.12478461632361779,0.23519850502534026
27,1317,98800693,person,476.4808654785156,479.6610412597656,-3.7358319759368896,-8.217455863952637,-0.048507343639026985,-0.048348397919625946,0.0684874438733783
12,1317,98800693,person,167.6476318091154,478.6600036621094,-11.799995422363281,-8.322948455810547,0.35060535777698865,-0.39141105883049243,0.525477624525286
27,1318,98800926,person,476.9902648925781,479.5459899902344,-3.7253289222717285,-8.229561805725098,0.04507748354146408,-0.051956831641463246,0.06878584066979426
12,1318,98800926,person,164.11514097452164,479.00531005859375,-11.878849029541016,-8.286517143249512,-0.3384274986168857,0.15635756463963585,0.37280136780881057
27,1319,98801060,person,476.23095703125,479.5973205566406,-3.7438442707061768,-8.224160194396973,-0.1381742420481212,0.040310532299440295,0.14393422171199247
12,1319,98801060,person,162.68861709535122,479.27655029296875,-11.905659675598145,-8.25793170928955,-0.20007944818752915,0.21332413402955921,0.29247046303257274
27,1320,98801193,person,478.8663024902344,479.6653747558594,-3.6737334728240967,-8.217000007629395,0.5271488562562412,0.05383599073367011,0.5298907722828725
12,1320,98801193,person,171.99103116989136,478.7120056152344,-11.68496036529541,-8.317459106445312,1.659393310546875,-0.44757441470497533,1.718693985497773
27,1321,98801426,person,481.80955505371094,479.5589599609375,-3.599747896194458,-8.22819709777832,0.3175346636465179,-0.04805618089667717,0.32115052411522144
12,1321,98801426,person,170.10107278823853,479.4073791503906,-11.707962989807129,-8.244153022766113,-0.09872371035072425,0.314618384889267,0.32974399023446155
27,1322,98801560,person,486.5937957763672,479.6166687011719,-3.4740395545959473,-8.222124099731445,0.938121952227692,0.04532088094682835,0.9392160451681458
12,1322,98801560,person,173.99592772126198,479.4674377441406,-11.60444450378418,-8.23783016204834,0.7725260150966359,0.04718552774457789,0.7739657085618342
27,1323,98801793,person,491.1531066894531,479.6529235839844,-3.354698657989502,-8.21830940246582,0.5121926892980485,0.016372091268776822,0.5124542870763015
12,1323,98801793,person,172.75468364357948,479.5527038574219,-11.633517265319824,-8.22885513305664,-0.12477580058216536,0.038519437732614674,0.13058616884707613
27,1324,98801926,person,491.5314025878906,479.6377258300781,-3.3452184200286865,-8.219908714294434,0.07127998466778518,-0.012024900967017152,0.07228716661694702
12,1324,98801926,person,160.52062806487083,479.5608215332031,-11.95122241973877,-8.22800064086914,-2.388760559540942,0.006424753289473684,2.388769199456738
27,1325,98802160,person,489.5399475097656,479.5578918457031,-3.3988304138183594,-8.22830867767334,-0.22911108457125148,-0.035897279397035256,0.23190623911728628
12,1325,98802160,person,151.62031272053719,479.468994140625,-12.186105728149414,-8.237666130065918,-1.0037748222677116,-0.04130550938793737,1.0046243272608786
27,1326,98802293,person,488.0897521972656,479.6940612792969,-3.433356761932373,-8.213982582092285,-0.259596602361005,0.10771500436883223,0.28105678807592477
12,1326,98802293,person,148.43999460339546,479.6093444824219,-12.263372421264648,-8.222894668579102,-0.5809525798137922,0.1110636202016271,0.5914736069551979
27,1327,98802326,person,483.7046813964844,479.5917053222656,-3.549717903137207,-8.224750518798828,-3.526095188025272,-0.3263011123194839,3.541160782980054
12,1327,98802326,person,146.67983067035675,479.4962463378906,-12.313494682312012,-8.234797477722168,-1.5188563953746448,-0.36069118615352747,1.5610966919250384
27,1328,98802560,person,482.51902770996094,479.6883544921875,-3.578261375427246,-8.214582443237305,-0.12198065081213273,0.043453314365484774,0.12948926481333153
12,1328,98802560,person,145.89478605985641,479.57598876953125,-12.330816268920898,-8.226404190063477,-0.07402387439695178,0.0358687506781684,0.08225631438344597
27,1329,98802693,person,482.47853088378906,479.6609802246094,-3.57995867729187,-8.217462539672852,-0.012761668155067844,-0.021654860417645676,0.025135495893413167
12,1329,98802693,person,146.32379618287086,479.60662841796875,-12.318480491638184,-8.223180770874023,0.0927502051331943,0.024236234507166353,0.09586446482057877
27,1330,98802826,person,484.90061950683594,479.6449890136719,-3.5173840522766113,-8.219144821166992,0.4704859023703668,-0.012648733038651315,0.47065589848289524
12,1330,98802826,person,146.4097892343998,479.4656677246094,-12.321697235107422,-8.238016128540039,-0.024186041122092338,-0.11154404260162123,0.11413605050584077
27,1331,98803060,person,488.05902099609375,479.63323974609375,-3.4355711936950684,-8.220380783081055,0.3496276007758246,-0.005281888521634615,0.34966749573075045
12,1331,98803060,person,149.41563279926777,479.5024719238281,-12.242132186889648,-8.234142303466797,0.34002157358022833,0.016554808005308494,0.34042434132721366
27,1332,98803093,person,488.2423095703125,479.5967712402344,-3.4316561222076416,-8.224217414855957,0.11863852992202296,-0.11626156893643465,0.166107956442851
12,1332,98803093,person,149.68196972459555,479.4624938964844,-12.236749649047852,-8.238349914550781,0.163107207327178,-0.1275033661813447,0.20702915125567486
27,1333,98803226,person,490.603271484375,479.6916809082031,-3.368091106414795,-8.214232444763184,0.47793244957027575,0.07507496310355968,0.48379300990944984
12,1333,98803226,person,150.0911484360695,479.57965087890625,-12.221599578857422,-8.226018905639648,0.11391030218368185,0.0927143527152843,0.14687242131520764
27,1334,98803360,person,492.4712829589844,479.6737976074219,-3.319957971572876,-8.216114044189453,0.3592024988202906,-0.014041786763205456,0.35947685173630334
12,1334,98803360,person,151.08624416589737,479.61236572265625,-12.194476127624512,-8.222577095031738,0.2024138151709713,0.0256851537903743,0.20403695669486768
27,1335,98803493,person,490.5568542480469,479.64788818359375,-3.370311737060547,-8.218839645385742,-0.37859974050880374,-0.020493242077361373,0.37915397463850337
12,1335,98803493,person,151.28138740360737,479.4740905761719,-12.194721221923828,-8.237129211425781,-0.001842814280574483,-0.10941440897776668,0.10942992669478802
27,1336,98803626,person,489.3224334716797,479.6099548339844,-3.4032747745513916,-8.222830772399902,-0.24784238714920845,-0.030008473790677864,0.24965247318435266
12,1336,98803626,person,150.64237675070763,479.4928894042969,-12.210610389709473,-8.235150337219238,-0.11946742695973331,0.0148787534326539,0.12039037921731505
27,1337,98803860,person,488.68125915527344,479.56915283203125,-3.420888662338257,-8.227124214172363,-0.0752730247301933,-0.018348041762653578,0.07747695714569831
12,1337,98803860,person,150.95578908920288,479.52655029296875,-12.201167106628418,-8.231607437133789,0.040355910602797807,0.015140598655765891,0.04310263620981886
27,1338,98804093,person,488.24012756347656,479.5933837890625,-3.4317920207977295,-8.224574089050293,-0.046795529868981355,0.010944743013177306,0.04805839172655718
12,1338,98804093,person,149.23000699281693,479.52178955078125,-12.24621295928955,-8.232109069824219,-0.19332983974735113,-0.0021529300018441524,0.19334182693956659
27,1339,98804126,person,487.67095947265625,479.6224060058594,-3.4459095001220703,-8.22152042388916,-0.4278024037679036,0.09253530791311552,0.4376958760145811
12,1339,98804126,person,150.29521027207375,479.61297607421875,-12.215012550354004,-8.222512245178223,0.9454669374408143,0.2908128680604877,0.989181406023829
27,1340,98804260,person,488.05718994140625,479.627685546875,-3.4357481002807617,-8.220965385437012,0.07583134209931786,0.004142078001107742,0.07594438264118708
12,1340,98804260,person,150.37711411714554,479.57965087890625,-12.214165687561035,-8.226018905639648,0.00631987158931903,-0.026169107921087918,0.026921422441821833
27,1341,98804493,person,486.74658203125,479.62567138671875,-3.4698586463928223,-8.221177101135254,-0.14639719361399375,-0.0009086510654171137,0.14640001347271747
12,1341,98804493,person,150.50021675229073,479.5617370605469,-12.211655616760254,-8.227904319763184,0.010772836054855149,-0.008091906109592945,0.01347341609063027
27,1342,98804526,person,485.4918518066406,479.6256408691406,-3.5024709701538086,-8.221179962158203,-0.9882522351814038,-8.66976651278409e-05,0.9882522389843221
12,1342,98804526,person,150.24450752139091,479.5364685058594,-12.21927547454834,-8.23056411743164,-0.2309047814571496,-0.08059992934718276,0.2445677139578012
27,1343,98804760,person,484.9261016845703,479.68701171875,-3.5157384872436523,-8.214723587036133,-0.05669879098223825,0.027591346675514154,0.0630558110741266
12,1343,98804760,person,149.65629003942013,479.4644470214844,-12.23734188079834,-8.238144874572754,-0.07720686431623931,-0.032396398038945645,0.08372828974393295
27,1344,98804993,person,484.34608459472656,479.5317077636719,-3.5344536304473877,-8.231064796447754,-0.0803225030203234,-0.07013394597262272,0.1066324287875908
12,1344,98804993,person,149.58986419439316,479.5415344238281,-12.236098289489746,-8.230030059814453,0.005337301753621244,0.0348275311515055,0.03523412715136128
27,1345,98805126,person,484.39308166503906,479.5955505371094,-3.5317349433898926,-8.224346160888672,0.02044125607139186,0.05051605683520324,0.054495109394822744
12,1345,98805126,person,151.39787220954895,479.4599304199219,-12.192237854003906,-8.238619804382324,0.32977771041984844,-0.06458454562309093,0.33604241075063507
27,1346,98805260,person,485.455078125,479.7247314453125,-3.5011086463928223,-8.210756301879883,0.22855445520201725,0.10141685827454523,0.2500450322141396
12,1346,98805260,person,150.91410112380981,479.5354309082031,-12.201909065246582,-8.230672836303711,-0.07217321822892374,0.059305731929949854,0.09341382804096471
27,1347,98805393,person,483.7720642089844,479.7328796386719,-3.5446529388427734,-8.209898948669434,-0.3274006951124148,0.0064462647402196895,0.3274641499297189
12,1347,98805393,person,152.24285903573036,479.4754943847656,-12.169671058654785,-8.236981391906738,0.24239102700599152,-0.04743274889494243,0.24698841195641136
27,1348,98805426,person,484.8785705566406,479.6430969238281,-3.5180017948150635,-8.219343185424805,0.80761042508212,-0.2861889925870028,0.8568189646473088
12,1348,98805426,person,151.3940914273262,479.460205078125,-12.192325592041016,-8.238591194152832,-0.6865010117039536,-0.04878188624526515,0.6882320186508311
27,1349,98805660,person,490.8741912841797,479.65350341796875,-3.361933708190918,-8.21824836730957,0.6669576351459209,0.004678709894163995,0.6669740455262956
12,1349,98805660,person,151.55532178282738,479.5427551269531,-12.184959411621094,-8.229902267456055,0.031479403503939636,0.037132165370843344,0.04868008371081037
27,1350,98805893,person,491.734375,479.6900939941406,-3.3387327194213867,-8.214399337768555,0.09957505909670064,0.016519440090195816,0.10093604061486162
12,1350,98805893,person,151.80443474650383,479.50677490234375,-12.179866790771484,-8.233689308166504,0.02185674184381706,-0.01625339360707819,0.027237657163821448
27,1351,98805926,person,493.880126953125,479.66094970703125,-3.283639669418335,-8.2174654006958,1.669486363728841,-0.09291099779533617,1.6720697270711748
12,1351,98805926,person,152.46630096435547,479.5008850097656,-12.162886619567871,-8.234309196472168,0.5145506425337357,-0.018784494111032196,0.5148934073678626
27,1352,98806060,person,493.44854736328125,479.653076171875,-3.2950375080108643,-8.218294143676758,-0.08505849695917385,-0.006184649111619636,0.0852830451472486
12,1352,98806060,person,154.49862509965897,479.4854431152344,-12.110645294189453,-8.235934257507324,0.3898606371523729,-0.012127321157882462,0.39004921268901516
27,1353,98806293,person,493.0500183105469,479.62396240234375,-3.3060662746429443,-8.221356391906738,-0.047333762369442395,-0.013142696266010594,0.04912449007559722
12,1353,98806293,person,142.16773888468742,479.5154724121094,-12.430046081542969,-8.232773780822754,-1.3708188298434145,0.013564277616181598,1.3708859375894542
27,1354,98806326,person,490.4273376464844,479.7693176269531,-3.3708646297454834,-8.206067085266113,-1.9635865182587593,0.4633123224431818,2.01750596599248
12,1354,98806326,person,130.06806921958923,479.446533203125,-12.747304916381836,-8.240030288696289,-9.613904086026277,-0.21989417798591382,9.616418523796936
27,1355,98806560,person,493.0063934326172,479.63671875,-3.306905746459961,-8.220014572143555,0.27332856104924125,-0.059604644775390625,0.279752061590347
12,1355,98806560,person,140.04004257917404,479.5352783203125,-12.484585762023926,-8.23068904876709,1.122731428879958,0.03991982875726162,1.1234408992567615
27,1356,98806793,person,494.0071105957031,479.6785583496094,-3.2799344062805176,-8.21561336517334,0.11575682480447794,0.01888930030135126,0.1172878857968257
12,1356,98806793,person,168.80217397212982,479.9479675292969,-11.721381187438965,-8.187286376953125,3.2755561140985447,0.1862775614333255,3.280848546718045
27,1357,98806926,person,492.28883361816406,479.5195007324219,-3.3282630443573,-8.232349395751953,-0.3633732186224227,-0.12583481638055097,0.3845445319147654
12,1357,98806926,person,183.86115871742368,479.9256896972656,-11.331026077270508,-8.189627647399902,2.9350008283342635,-0.017603537193814613,2.9350536190748793
27,1358,98807060,person,494.06922912597656,479.4734802246094,-3.2830400466918945,-8.237194061279297,0.33748505720451694,-0.03615422035331157,0.3394161037512685
12,1358,98807060,person,191.15105329453945,479.9020080566406,-11.142520904541016,-8.192116737365723,1.4067550203693446,-0.01857529825239039,1.406877652477116
27,1359,98807293,person,492.794677734375,479.5213623046875,-3.3150699138641357,-8.23215389251709,-0.1374672410825803,0.021631625588871377,0.13915879273863138
12,1359,98807293,person,196.34920978173614,479.9090270996094,-11.00722599029541,-8.191378593444824,0.5806648680068904,0.0031679996605083155,0.5806735099514256
27,1360,98807426,person,492.64491271972656,479.54583740234375,-3.3183987140655518,-8.229578018188477,-0.02502857294297756,0.019367476154987077,0.031646936600182037
12,1360,98807426,person,205.77189582586288,478.3603515625,-10.818279266357422,-8.354598045349121,1.4206520596841223,-1.2272139240924576,1.877313583334214
27,1361,98807660,person,493.19081115722656,479.53277587890625,-3.3045096397399902,-8.230952262878418,0.05935501848530565,-0.005872840555305155,0.05964485288420965
27,1362,98807793,person,495.0140838623047,479.5799560546875,-3.256028890609741,-8.225987434387207,0.36451691075375203,0.03732953752790178,0.36642335159962974
12,1362,98807793,person,203.1443511247635,478.0264587402344,-10.898838996887207,-8.389902114868164,-0.21950880253347455,-0.09619637471128875,0.23966196381001845
27,1363,98807926,person,495.0379333496094,479.5134582519531,-3.25693678855896,-8.232985496520996,-0.006826300370065789,-0.05261700852472979,0.0530579679485923
12,1363,98807926,person,203.46729135513306,476.11309814453125,-10.960104942321777,-8.593008995056152,-0.4606462062749647,-1.5271193999096861,1.5950826276202865
27,1364,98808160,person,495.11553955078125,479.6812438964844,-3.251066207885742,-8.215330123901367,0.025087951594947748,0.07545031034029447,0.07951197800128725
12,1364,98808160,person,205.48181056976318,475.8674011230469,-10.916383743286133,-8.61918830871582,0.18684273092155781,-0.11187740880199985,0.2177768598783522
27,1365,98808293,person,495.2228240966797,479.650146484375,-3.2489914894104004,-8.218602180480957,0.015599387032645089,-0.02460192916984845,0.02913066759743923
12,1365,98808293,person,205.80256634950638,475.8958740234375,-10.906954765319824,-8.6161527633667,0.07089457117525258,0.022823649241511982,0.07447791073078329
27,1366,98808326,person,494.8839416503906,479.62200927734375,-3.2584457397460938,-8.221562385559082,-0.28649243441495026,-0.08970318418560605,0.30020755525143156
12,1366,98808326,person,206.0756179690361,476.1895751953125,-10.889111518859863,-8.584864616394043,0.5407044381806344,0.9481256658380681,1.0914685371961554
27,1367,98808560,person,495.6514892578125,479.61309814453125,-3.2387008666992188,-8.22249984741211,0.08437979934561965,-0.004006247235159588,0.08447485160990967
12,1367,98808560,person,206.44942009449005,476.1728820800781,-10.879945755004883,-8.586642265319824,0.039169931004190035,-0.007596790281116452,0.03989980848886712
27,1368,98808693,person,494.79632568359375,479.707275390625,-3.2587640285491943,-8.212592124938965,-0.15085084097726004,0.07449415393341752,0.16824195432115704
12,1368,98808693,person,207.46864742040634,475.6523742675781,-10.872233390808105,-8.642117500305176,0.0579877007276492,-0.41710702996504934,0.4211185674865738
27,1369,98808826,person,495.4585876464844,479.6006164550781,-3.2440011501312256,-8.2238130569458,0.1109990858493891,-0.08436790982583411,0.13942288645620607
12,1369,98808826,person,207.2402424812317,476.33642578125,-10.853322982788086,-8.569231986999512,0.14218351894751527,0.5480113782380757,0.5661560065376801
27,1370,98808960,person,495.96636962890625,479.5579833984375,-3.2317802906036377,-8.228299140930176,0.09120044423573052,-0.03347823868936567,0.09715098298286401
12,1370,98808960,person,205.56212013959885,476.4133605957031,-10.894387245178223,-8.56104564666748,-0.3064497193293785,0.06109209203008395,0.3124798780492387
27,1371,98809193,person,495.28233337402344,479.5997314453125,-3.2486021518707275,-8.223906517028809,-0.0721968294724886,0.018852463095996513,0.07461767585944706
27,1372,98809226,person,494.0381317138672,479.56170654296875,-3.2818167209625244,-8.227907180786133,-1.0065020936908144,-0.12123223507043086,1.0137769574340132
27,1373,98809460,person,478.57762145996094,479.5582275390625,-3.6837759017944336,-8.228273391723633,-1.7177742770594409,-0.0015650040064102563,1.7177749899694734
32,1373,98809460,person,148.11045268177986,479.5219421386719,-12.275310516357422,-8.23209285736084,0.0,0.0,0.0
27,1374,98809693,person,503.7660827636719,479.65899658203125,-3.026754856109619,-8.217670440673828,2.819832814097916,0.04550622768156518,2.8201999780549567
32,1374,98809693,person,175.37264624238014,479.4654846191406,-11.5687255859375,-8.238035202026367,3.0325533494417245,-0.025503625173937096,3.032660589664995
27,1375,98809726,person,492.61199951171875,479.8322448730469,-3.3126463890075684,-8.199450492858887,-8.66337978478634,0.5521196307558002,8.680955326581891
32,1375,98809726,person,187.160381346941,479.6018981933594,-11.257241249084473,-8.223678588867188,9.438919298576586,0.4350488836115057,9.448939890600062
27,1376,98809960,person,492.25975036621094,479.4884033203125,-3.3297367095947266,-8.23562240600586,-0.07303555806477864,-0.15458082541441306,0.1709661496543538
32,1376,98809960,person,146.8068773150444,479.6316223144531,-12.30495834350586,-8.220550537109375,-4.477423480433276,0.013367742554754272,4.477443435675792
27,1377,98810193,person,494.203857421875,479.3763427734375,-3.281775712966919,-8.247421264648438,0.2058411872438095,-0.050638878294326714,0.21197851391319988
32,1377,98810193,person,150.61641830205917,479.5536804199219,-12.208945274353027,-8.228752136230469,0.41207325816666107,-0.03519999622787017,0.41357394723378044
12,1377,98810193,person,230.68986797332764,477.98211669921875,-10.182472229003906,-8.394594192504883,0.5773844413417002,0.1349971242194628,0.5929561675629931
27,1378,98810326,person,494.52650451660156,479.5085754394531,-3.2703447341918945,-8.233499526977539,0.08594720883477003,0.10467471933006343,0.1354389883796949
12,1378,98810326,person,237.93208146095276,478.2433776855469,-9.984630584716797,-8.366961479187012,1.4875311600534538,0.20776476178850445,1.5019704219361338
27,1379,98810460,person,493.37408447265625,479.5566101074219,-3.2991955280303955,-8.22844409942627,-0.21530443163060428,0.037727071278130825,0.21858483521736524
12,1379,98810460,person,236.44688974320889,479.06988525390625,-9.994621276855469,-8.279708862304688,-0.07455740401993936,0.6511389319576434,0.6553935574943753
27,1380,98810593,person,494.25987243652344,479.5477600097656,-3.2763736248016357,-8.229374885559082,0.17159325735909597,-0.006998391976033834,0.17173591197345756
12,1380,98810593,person,242.89177614450455,478.8855895996094,-9.833292007446289,-8.299142837524414,1.21300202563293,-0.1461201144340343,1.221771256018002
27,1381,98810726,person,492.03578186035156,479.56884765625,-3.3337011337280273,-8.227155685424805,-0.43103390170219247,0.016685715295318374,0.4313567404266818
12,1381,98810726,person,257.97629798948765,479.0814208984375,-9.434125900268555,-8.27849292755127,3.001248926148379,0.1552624810010867,3.005262310466993
27,1382,98810960,person,489.4115447998047,479.6291809082031,-3.400512218475342,-8.220808029174805,-0.2855174561851045,0.02712673611111111,0.28680320360563427
12,1382,98810960,person,268.3920179605484,479.85113525390625,-9.13760757446289,-8.197463989257812,1.267172332502838,0.34627751407460267,1.3136338291222442
27,1383,98811093,person,489.3368682861328,479.6665344238281,-3.4015865325927734,-8.216877937316895,-0.008077549755125117,0.029549562841429743,0.03063369834293808
12,1383,98811093,person,273.1397399902344,480.0,-9.009357452392578,-8.181818008422852,0.9642866321076128,0.11763895364632283,0.9714358611233396
27,1384,98811226,person,485.6434020996094,479.6183166503906,-3.4987034797668457,-8.22195053100586,-0.7302026103313703,-0.038139802172668,0.7311979873088529
12,1384,98811226,person,270.35512648522854,478.98516845703125,-9.115275382995605,-8.288640975952148,-0.7963754180678747,-0.8031802069871945,1.1310668642475452
27,1385,98811460,person,484.3548889160156,479.4487609863281,-3.536170244216919,-8.239795684814453,-0.16011437799176598,-0.07626134106236644,0.1773482624113377
12,1385,98811460,person,267.8178983293474,479.51739501953125,-9.163601875305176,-8.232571601867676,-0.20652347140842012,0.23961270976270366,0.31633241206428747
27,1386,98811693,person,485.3013610839844,479.7625732421875,-3.5042178630828857,-8.20677661895752,0.13713468297868328,0.141712728999715,0.19720146763198956
12,1386,98811693,person,274.0133097395301,479.0777282714844,-9.017037391662598,-8.278882026672363,0.6290321186376743,-0.19875718800295064,0.6596861572449746
27,1387,98811726,person,485.41302490234375,479.7460021972656,-3.501703977584839,-8.208518981933594,0.07617834842566287,-0.05279887806285511,0.09268690464978284
12,1387,98811726,person,270.9983976185322,479.02520751953125,-9.097211837768555,-8.284419059753418,-2.429528669877486,-0.16778888124408142,2.4353157221243014
27,1388,98811960,person,486.21214294433594,479.6092834472656,-3.4841318130493164,-8.222901344299316,0.07509472023727547,-0.0614630870330028,0.09704085776177551
12,1388,98811960,person,270.41371789574623,479.0019836425781,-9.11319351196289,-8.28686809539795,-0.06829775296724759,-0.01046596429286859,0.06909500321264032
27,1389,98812093,person,485.2512512207031,479.6849670410156,-3.507335901260376,-8.21493911743164,-0.17446682865458324,0.05986636742613369,0.1844523142971878
12,1389,98812093,person,265.5312974639237,479.9009094238281,-9.210274696350098,-8.192232131958008,-0.7299337171970454,0.7115485972927925,1.019364820763615
27,1390,98812326,person,484.77964782714844,479.5892333984375,-3.521834373474121,-8.225010871887207,-0.06222520263409921,-0.04322641397238801,0.07576607887285028
12,1390,98812326,person,284.9101867675781,479.1750183105469,-8.730388641357422,-8.268628120422363,2.059596802543673,-0.3278797788169762,2.0855320995863837
27,1391,98812460,person,485.0801239013672,479.655517578125,-3.512472152709961,-8.218036651611328,0.06986731913552355,0.05204641996924557,0.08712216775769631
12,1391,98812460,person,287.541748046875,479.8179931640625,-8.641154289245605,-8.200948715209961,0.6659280008344508,0.5050701881522562,0.8357966243384354
27,1392,98812693,person,484.92962646484375,479.5509948730469,-3.518832206726074,-8.229034423828125,-0.027296369167868158,-0.047200739127883584,0.05452523767914326
12,1392,98812693,person,287.5414123535156,479.2263488769531,-8.660285949707031,-8.263219833374023,-0.08211013073573296,-0.2672580178715129,0.27958705564823466
27,1393,98812826,person,488.13844299316406,479.5619201660156,-3.4351675510406494,-8.227885246276855,0.6290575615445474,0.008640432716312265,0.6291168991641356
12,1393,98812826,person,313.0884704589844,479.91827392578125,-7.974271774291992,-8.190406799316406,5.158001318910068,0.5474664214858435,5.186973789073212
27,1394,98812960,person,489.3437957763672,479.74560546875,-3.3995699882507324,-8.208560943603516,0.26565345365609694,0.14421121398014808,0.3022724461095323
12,1394,98812960,person,288.7235975265503,479.8562316894531,-8.609214782714844,-8.196928977966309,-4.738380659872027,-0.04867297499927122,4.738630639366667
27,1395,98813093,person,489.60736083984375,479.75726318359375,-3.392451047897339,-8.207334518432617,0.053525867318748525,0.009221241886454417,0.054314360662285004
12,1395,98813093,person,274.89604315161705,479.61810302734375,-8.976287841796875,-8.221973419189453,-2.7599478126468515,-0.18830406934695135,2.766364103126478
27,1396,98813226,person,488.203125,479.75067138671875,-3.429093360900879,-8.208027839660645,-0.27550611280857173,-0.005212941564115366,0.2755554262841513
12,1396,98813226,person,273.5868031680584,479.90460205078125,-9.000884056091309,-8.19184398651123,-0.18493394206341046,0.22653708780618537,0.2924373694978468
27,1397,98813460,person,486.0796356201172,479.65924072265625,-3.4864084720611572,-8.217645645141602,-0.24493637247982186,-0.041101732824602694,0.24836098527095407
12,1397,98813460,person,276.60930663347244,479.5883483886719,-8.932734489440918,-8.225104331970215,0.29123746431790865,-0.14213822845719817,0.3240718078007956
27,1398,98813593,person,485.21453857421875,479.6024169921875,-3.5102221965789795,-8.223623275756836,-0.17905056028437794,-0.04494459109198778,0.18460530709211923
12,1398,98813593,person,283.2568593621254,479.361083984375,-8.767337799072266,-8.249028205871582,1.243584138110168,-0.17987875113809915,1.2565261134056114
27,1399,98813726,person,484.95343017578125,479.6622009277344,-3.515608787536621,-8.217333793640137,-0.040500683892042116,0.0472893392233024,0.062262243775017344
12,1399,98813726,person,280.14620304107666,479.43548583984375,-8.845792770385742,-8.241193771362305,-0.5898870023569666,0.058905522626145436,0.592820829716321
27,1400,98813960,person,484.27708435058594,479.65631103515625,-3.5333242416381836,-8.2179536819458,-0.07570706881009615,-0.0026490953233506945,0.07575340239123805
12,1400,98813960,person,276.688369512558,479.2219543457031,-8.942706108093262,-8.263683319091797,-0.41415956285264754,-0.09610917833116318,0.4251648123513838
27,1401,98814093,person,483.7341613769531,479.63409423828125,-3.5479564666748047,-8.220291137695312,-0.11001672959865483,-0.017574855259486606,0.11141165257267947
12,1401,98814093,person,274.86034256219864,479.6031799316406,-8.977705955505371,-8.223543167114258,-0.263156747459469,0.3018056539664591,0.40042243506023584
27,1402,98814126,person,483.58331298828125,479.64178466796875,-3.551696538925171,-8.219481468200684,-0.11333552273837003,0.024535439231178974,0.11596089208283311
12,1402,98814126,person,275.4331626445055,479.57220458984375,-8.963835716247559,-8.226802825927734,0.4203102805397727,-0.09877753980232007,0.431761200545882
27,1403,98814360,person,484.6092071533203,479.77197265625,-3.5219836235046387,-8.205787658691406,0.12697827102791548,0.058520553458450184,0.13981465048528385
12,1403,98814360,person,277.86222921311855,479.3760986328125,-8.907121658325195,-8.24744701385498,0.24236776889898837,-0.0882230253301115,0.2579252558387234
27,1404,98814593,person,483.6233673095703,479.58721923828125,-3.5519371032714844,-8.22522258758545,-0.1285557071538442,-0.08341171199160072,0.15324517460329606
12,1404,98814593,person,278.95584362745285,479.06170654296875,-8.8889799118042,-8.280570983886719,0.07786157305148537,-0.14216296150960636,0.16208865531934558
27,1405,98814726,person,483.6666259765625,479.60919189453125,-3.5502963066101074,-8.22291088104248,0.012336817002834233,0.017381252202772556,0.021314431305990915
12,1405,98814726,person,280.05548095703125,478.86199951171875,-8.86690616607666,-8.301631927490234,0.1659680129890155,-0.1583529594249295,0.22939276600223335
27,1406,98814860,person,484.3158721923828,479.64617919921875,-3.5325546264648438,-8.219018936157227,0.1324005980989826,0.029044364815327656,0.13554886021097395
12,1406,98814860,person,280.88970302045345,479.0686340332031,-8.838440895080566,-8.279841423034668,0.21242739549323691,0.1626157048922866,0.26752432755481387
27,1407,98815093,person,484.8730926513672,479.5804443359375,-3.519611358642578,-8.225935935974121,0.05555050567495976,-0.029686694493109574,0.06298538330970892
12,1407,98815093,person,301.9387836456299,479.8058776855469,-8.267470359802246,-8.20222282409668,2.450517318791074,0.3331270340686192,2.4730565603160697
27,1408,98815226,person,485.1600646972656,479.5915222167969,-3.5118932723999023,-8.224770545959473,0.05803072362914121,0.008762330937206296,0.05868852808151599
12,1408,98815226,person,302.31302896142006,478.6429138183594,-8.294601440429688,-8.324751853942871,-0.20399308742437147,-0.9212709010991834,0.9435853183093877
27,1409,98815360,person,486.091064453125,479.5723571777344,-3.488142251968384,-8.226786613464355,0.17724642113073547,-0.015045279887185167,0.17788382234070013
12,1409,98815360,person,313.68648958206177,479.10791015625,-7.983975410461426,-8.275701522827148,2.318104701255684,0.3660472471322586,2.346827644527141
32,1409,98815360,person,151.4379599094391,479.2064514160156,-12.200949668884277,-8.265316009521484,0.0015474367077124057,-0.007076422158121856,0.00724363934250828
27,1410,98815493,person,486.02606201171875,479.62493896484375,-3.488602876663208,-8.221254348754883,-0.0034633435701069077,0.041595975259192904,0.04173990783947647
12,1410,98815493,person,319.9817099571228,479.34088134765625,-7.813013076782227,-8.251154899597168,1.2854310802947309,0.18456107691714638,1.2986130498730157
32,1410,98815493,person,152.480452388525,479.3753967285156,-12.167340278625488,-8.247520446777344,0.2527021823969102,0.13380122364015506,0.2859390851838274
27,1411,98815626,person,484.33494567871094,479.6489562988281,-3.5319929122924805,-8.218727111816406,-0.326240869393026,0.01900178149230498,0.3267937768106956
12,1411,98815626,person,283.51059913635254,479.2223815917969,-8.765252113342285,-8.26363754272461,-7.159692004210966,-0.0938544596048226,7.160307134107458
32,1411,98815626,person,170.9453919827938,479.0995178222656,-11.697588920593262,-8.276585578918457,3.531965097986666,-0.21853482812867128,3.5387193904718113
27,1412,98815860,person,485.04225158691406,479.7200927734375,-3.5119454860687256,-8.211244583129883,0.08567276163997813,0.03197661831847623,0.09144575553904083
12,1412,98815860,person,271.466175198555,479.89599609375,-9.056258201599121,-8.192748069763184,-1.2436157617813501,0.3029464656471187,1.2799830952005142
32,1412,98815860,person,157.834835678339,479.27813720703125,-12.031828880310059,-8.257763862609863,-1.4283758962256277,0.08043468507946047,1.4306388221637902
27,1413,98815993,person,485.4093017578125,479.6817626953125,-3.5033035278320312,-8.215275764465332,0.06497712959920553,-0.030309634101121943,0.07169868402066977
12,1413,98815993,person,270.9615980386734,480.0,-9.065932273864746,-8.181818008422852,-0.07273738545582706,0.08218091233332354,0.10974711656752979
32,1413,98815993,person,152.37387517094612,479.3319091796875,-12.171783447265625,-8.252099990844727,-1.0522899771095218,0.04258550199350916,1.0531513285873009
27,1414,98816126,person,485.7748565673828,479.73046875,-3.4926650524139404,-8.210152626037598,0.07998853697812647,0.0385198378025141,0.08878031286401901
12,1414,98816126,person,271.147133231163,479.5672607421875,-9.075407028198242,-8.227323532104492,-0.07123875438718867,-0.34214679459880165,0.3494844620020649
32,1414,98816126,person,148.9730058312416,479.4668884277344,-12.255011558532715,-8.237887382507324,-0.625775272684886,0.106861716822574,0.6348339298006301
27,1415,98816260,person,485.9577331542969,479.5875244140625,-3.49125337600708,-8.225191116333008,0.01053489855865934,-0.11222753951798624,0.11272091515731411
12,1415,98816260,person,271.8471100330353,479.2474060058594,-9.067781448364258,-8.261001586914062,0.05690731219391324,-0.2513287672355993,0.25769088346563906
32,1415,98816260,person,149.61897552013397,479.3609924316406,-12.242300033569336,-8.249037742614746,0.09486212659237989,-0.08321164259270056,0.12618637218259365
27,1416,98816393,person,486.2016143798828,479.5723876953125,-3.4852683544158936,-8.226783752441406,0.045000162339748295,-0.011974707581943139,0.046566170470382764
12,1416,98816393,person,270.72949147224426,479.2370300292969,-9.09719181060791,-8.262094497680664,-0.22113054318535597,-0.008217374184974154,0.22128317235602543
32,1416,98816393,person,148.91664400696754,479.1582946777344,-12.268387794494629,-8.270390510559082,-0.1961485783856614,-0.1605471274010221,0.2534751366888594
27,1417,98816526,person,484.0944366455078,479.6268615722656,-3.5387628078460693,-8.221052169799805,-0.40221393556523144,0.0430946063278313,0.4045160009905948
12,1417,98816526,person,272.8655867576599,479.4337158203125,-9.03514289855957,-8.241379737854004,0.46653317329578825,0.15575007388466283,0.4918447796820821
32,1417,98816526,person,150.11153933405876,479.1963806152344,-12.23583698272705,-8.266377449035645,0.24474294562088814,0.03017339491306391,0.2465959107361043
27,1418,98816660,person,483.2983856201172,479.6119384765625,-3.559802532196045,-8.22262191772461,-0.1570128682833999,-0.011714536752273786,0.15744926540921256
12,1418,98816660,person,273.55949807167053,479.7163391113281,-9.007790565490723,-8.211639404296875,0.20412188857348995,0.22194278773976794,0.3015366419268277
32,1418,98816660,person,150.97324657440186,479.1695556640625,-12.214457511901855,-8.269204139709473,0.15954828974026353,-0.02109470652110541,0.16093676833543866
27,1419,98816893,person,481.4021759033203,479.5433044433594,-3.6107075214385986,-8.229844093322754,-0.21847634868048801,-0.03099646179461172,0.22066421453544072
12,1419,98816893,person,267.65797114372253,479.86114501953125,-9.156347274780273,-8.196412086486816,-0.637582443302793,0.06535329532213989,0.6409231039816103
32,1419,98816893,person,152.18721708655357,479.02362060546875,-12.188495635986328,-8.284586906433105,0.11142436015247786,-0.06602045804134254,0.12951482121895458
27,1420,98816926,person,480.0907897949219,479.60894775390625,-3.6432440280914307,-8.222936630249023,-0.985954747055516,0.20931706284031723,1.0079287653586457
12,1420,98816926,person,267.58560490608215,479.37884521484375,-9.17424488067627,-8.247157096862793,-0.5423516938180635,-1.537727587150805,1.6305678434434916
32,1420,98816926,person,150.16662573814392,479.04254150390625,-12.240337371826172,-8.282591819763184,-1.5709616921164773,0.06045717181581439,1.5721245840331586
27,1421,98817160,person,477.80712890625,479.54473876953125,-3.704124689102173,-8.229693412780762,-0.26017376500317174,-0.02887513902452257,0.2617712009553594
12,1421,98817160,person,267.83284521102905,479.8041076660156,-9.153696060180664,-8.202408790588379,0.08781547220344217,0.19123207809578657,0.21043114040261848
32,1421,98817160,person,150.4954113662243,478.9626770019531,-12.23486328125,-8.29101276397705,0.023393549470819976,-0.03598694108490251,0.04292223299750312
27,1422,98817393,person,477.31787109375,479.6941223144531,-3.7132925987243652,-8.21397590637207,-0.0393472515973922,0.06745710905017771,0.07809396756264884
12,1422,98817393,person,269.07951986789703,479.966552734375,-9.115924835205078,-8.185333251953125,0.16210826169779372,0.07328557354186226,0.17790408595656276
32,1422,98817393,person,148.62617668509483,479.2502746582031,-12.272390365600586,-8.260699272155762,-0.161060447856592,0.13010082326733502,0.2070427300790934
27,1423,98817526,person,473.96368408203125,479.61773681640625,-3.8022871017456055,-8.22201156616211,-0.6691316016634604,-0.06041849466194783,0.6718537748959394
12,1423,98817526,person,271.75214862823486,479.9980163574219,-9.045464515686035,-8.182026863098145,0.5297768384890449,0.024860066578800515,0.5303598038216603
32,1423,98817526,person,149.3895105421543,479.2630310058594,-12.252045631408691,-8.259355545043945,0.1529679262548461,0.010103211367040649,0.1533012111584091
27,1424,98817760,person,471.59141540527344,479.6561279296875,-3.863022804260254,-8.217972755432129,-0.2595542842506343,0.017259874914446447,0.26012752594625854
12,1424,98817760,person,268.88354218006134,479.511474609375,-9.136096000671387,-8.233194351196289,-0.3873140383989383,-0.2186644790518997,0.44477670660673424
32,1424,98817760,person,148.22707995772362,479.3165283203125,-12.280210494995117,-8.2537202835083,-0.12036266489925547,0.024082314254891157,0.12274823404644891
27,1425,98817893,person,472.0991668701172,479.5791015625,-3.851675271987915,-8.22607707977295,0.08531979152134486,-0.06093476947985197,0.10484518566347455
12,1425,98817893,person,269.04239559173584,479.6320495605469,-9.127969741821289,-8.220505714416504,0.061099690602238015,0.095403284058535,0.11329147717654109
32,1425,98817893,person,147.67820364236832,479.18536376953125,-12.299554824829102,-8.267538070678711,-0.1454460889773261,-0.10389313661962522,0.17874100994305805
27,1426,98818026,person,471.1311492919922,479.54425048828125,-3.8776748180389404,-8.229744911193848,-0.19548530865432623,-0.02757767985637923,0.1974209571599179
12,1426,98818026,person,267.86540508270264,479.5848693847656,-9.160125732421875,-8.225470542907715,-0.24177436541793937,-0.03732953752790178,0.24463919993593486
27,1427,98818260,person,470.4504699707031,479.6170654296875,-3.893616199493408,-8.222082138061523,-0.0681255617712298,0.032746893727881275,0.07558737470947643
12,1427,98818260,person,268.93242931365967,479.72711181640625,-9.127676963806152,-8.210505485534668,0.13866995134924212,0.06395323663695246,0.15270681675532108
27,1428,98818393,person,470.91404724121094,479.6170654296875,-3.8815667629241943,-8.222082138061523,0.09059726743769825,0.0,0.09059726743769825
12,1428,98818393,person,283.84743070602417,479.9831237792969,-8.731782913208008,-8.183591842651367,2.97664699697853,0.20235821716767505,2.9835174195363066
27,1429,98818526,person,470.7065887451172,479.6253662109375,-3.886759042739868,-8.221208572387695,-0.03903969786220923,0.006568162961113721,0.03958836664799813
12,1429,98818526,person,275.64686250686646,479.7163391113281,-8.953547477722168,-8.211639404296875,-1.667402740707971,-0.21088392214667528,1.6806855530825564
27,1430,98818660,person,469.8578338623047,479.71234130859375,-3.9067232608795166,-8.212059020996094,-0.14898670253468982,0.0682802342656833,0.16388785166551162
12,1430,98818660,person,278.22715425491333,479.63201904296875,-8.889253616333008,-8.22050952911377,0.47980493574000116,-0.06619496132010844,0.48434961470474747
27,1431,98818893,person,466.4195251464844,480.0,-3.989103317260742,-8.181818008422852,-0.3535624737391656,0.12978975353322827,0.37663218524015485
12,1431,98818893,person,305.37276017665863,479.7376708984375,-8.180394172668457,-8.209395408630371,3.0423152088607326,0.04770008791158127,3.0426891278032486
27,1432,98818926,person,465.38917541503906,479.8096008300781,-4.020488262176514,-8.201830863952637,-0.9510589368415601,-0.6064501675692471,1.1279605077709798
12,1432,98818926,person,301.99815702438354,479.50189208984375,-8.275550842285156,-8.234203338623047,-2.8835354429302793,-0.7517554543235084,2.979918272996806
27,1434,98819393,person,465.0322265625,479.7191467285156,-4.031960964202881,-8.211343765258789,-0.024566813760957575,-0.020370238342938638,0.031913554307123206
12,1434,98819393,person,192.46110272407532,478.47900390625,-11.160638809204102,-8.342061996459961,-6.177918558712944,-0.23096072341951618,6.182234270379301
27,1435,98819626,person,390.7062683105469,479.7828674316406,-5.9616827964782715,-8.204642295837402,-8.282067949679787,0.028761671336423683,8.282117890784411
27,1436,98819760,person,372.4022674560547,479.7816162109375,-6.437325477600098,-8.204773902893066,-3.549572247177807,-0.0009821422064482275,3.5495723830537984
12,1436,98819760,person,166.69618225097656,475.46630859375,-11.946416854858398,-8.661972999572754,-2.1410845930634794,-0.8716921065743678,2.311728868902637
27,1437,98819993,person,403.5401153564453,480.0,-5.622334957122803,-8.181818008422852,3.4978133926064157,0.09852315223268172,3.4992006717281403
12,1437,98819993,person,196.35800763964653,477.77880859375,-11.084784507751465,-8.416114807128906,3.6979929060383414,1.0551853752954834,3.8455906840623806
27,1438,98820226,person,390.6943664550781,480.0,-5.955990314483643,-8.181818008422852,-1.4319972418920164,0.0,1.4319972418920164
12,1438,98820226,person,211.14327883720398,479.494873046875,-10.637706756591797,-8.234941482543945,1.9187886315865577,0.7775679166736521,2.0703530321532164
27,1439,98820260,person,383.80780029296875,479.95892333984375,-6.13601016998291,-8.186134338378906,-5.294701632331399,-0.12695088106043198,5.296223362134078
12,1439,98820260,person,212.25080680847168,479.63299560546875,-10.603981971740723,-8.220406532287598,0.9919054367963005,0.4274985369514016,1.0801071218363707
12,1440,98820493,person,305.8603858947754,479.5810241699219,-8.17265510559082,-8.225874900817871,10.434879253862242,-0.023469392833791576,10.434905646678585
12,1441,98820626,person,323.66519355773926,479.8969421386719,-7.700166702270508,-8.192648887634277,3.552544385867011,0.24981964799694548,3.5613173784542895
12,1442,98820760,person,325.2028923034668,480.0,-7.657068252563477,-8.181818008422852,0.32163022169426303,0.08082745680168493,0.3316309353485121
12,1443,98820893,person,325.1770267486572,478.5859069824219,-7.701083183288574,-8.330771446228027,-0.3309393287601327,-1.1199506601892915,1.1678228977797263
12,1444,98821026,person,326.2263946533203,479.9503173828125,-7.63200044631958,-8.187039375305176,0.5194190749548432,1.0806922625778312,1.1990379234296709
12,1445,98821260,person,321.3301601409912,480.0,-7.757658004760742,-8.181818008422852,-0.5369981129964192,0.02231353368514623,0.5374615029443813
12,1446,98821393,person,319.43620681762695,480.0,-7.806851387023926,-8.181818008422852,-0.36987505461040293,0.0,0.36987505461040293
12,1447,98821426,person,319.2387180328369,480.0,-7.811981678009033,-8.181818008422852,-0.1554633631850734,0.0,0.1554633631850734
12,1448,98821660,person,319.8834648132324,480.0,-7.7952351570129395,-8.181818008422852,0.07156632904313567,0.0,0.07156632904313567
12,1449,98821793,person,319.5925407409668,480.0,-7.802791595458984,-8.181818008422852,-0.05681532666199189,0.0,0.05681532666199189
12,1450,98821926,person,327.90807151794434,479.5631408691406,-7.600117206573486,-8.22775650024414,1.5238675856052484,-0.34540219414503054,1.56252202998184
12,1451,98822160,person,328.42396354675293,479.0533447265625,-7.602258205413818,-8.281453132629395,-0.009149567693726629,-0.22947278797117052,0.22965512188550002
12,1452,98822293,person,322.48015213012695,478.563232421875,-7.772003173828125,-8.333165168762207,-1.2762779580023056,-0.3888123017504699,1.334189054098044
12,1453,98822526,person,319.4525566101074,478.52203369140625,-7.852115631103516,-8.337516784667969,-0.3438302887355821,-0.01867646311485716,0.34433715705173956
12,1454,98822660,person,328.54673957824707,478.5899353027344,-7.613219738006592,-8.33034610748291,1.782805172365103,0.05351251630640741,1.783608104941556
12,1455,98822893,person,340.21133613586426,478.7198791503906,-7.305598735809326,-8.316627502441406,1.3202618120054317,0.05887813322533865,1.3215740186656086
12,1456,98823026,person,336.71172523498535,478.2170715332031,-7.411892890930176,-8.369742393493652,-0.7992041738409744,-0.39936008309959464,0.8934292291268232
12,1457,98823160,person,320.14720916748047,478.99224853515625,-7.819479465484619,-8.287894248962402,-3.0416908548839054,0.6108070487406716,3.102413336013703
12,1458,98823393,person,322.36479091644287,478.9522705078125,-7.763011455535889,-8.292110443115234,0.2423519740288861,-0.018095253874815583,0.24302657782327414
12,1459,98823426,person,322.46834087371826,478.9519958496094,-7.760324954986572,-8.292139053344727,0.0814091075550426,-0.000866976651278409,0.0814137239132467
12,1460,98823660,person,326.0633764266968,478.8686828613281,-7.6693315505981445,-8.300926208496094,0.38886070251464844,-0.037551945091312766,0.3906696744569853
12,1461,98823893,person,326.4180555343628,478.1589050292969,-7.681875705718994,-8.375893592834473,-0.05383757562596399,-0.32174843063681935,0.3262216074488898
12,1462,98823926,person,323.473970413208,477.1852722167969,-7.788676738739014,-8.479029655456543,-3.236394940000592,-3.1253352309718276,4.499107968655027
12,1463,98824060,person,324.6682004928589,477.7696228027344,-7.739467620849609,-8.41708755493164,0.36723222305525594,0.46225448152912196,0.5903716722064691
12,1464,98824293,person,326.4177894592285,478.22857666015625,-7.679742813110352,-8.368526458740234,0.2563296469496043,0.20841672185152896,0.3303670955961661
12,1465,98824526,person,325.06440353393555,478.3934326171875,-7.709932804107666,-8.351101875305176,-0.12957077681250836,0.07478361989295533,0.1496033957104279
12,1466,98824560,person,327.7055835723877,479.6417541503906,-7.602982044219971,-8.21948528289795,3.1456105849322147,3.871076247271369,4.987995315176847
12,1467,98824793,person,325.0669240951538,477.4862976074219,-7.737807273864746,-8.447104454040527,-0.5786490542694223,-0.9769063139166443,1.1354209237886634
12,1468,98824926,person,325.8375768661499,477.2244873046875,-7.725773811340332,-8.474868774414062,0.09047716183769972,-0.2087542885228207,0.2275180647572284
12,1469,98825160,person,330.7877883911133,479.15631103515625,-7.537627220153809,-8.270600318908691,0.8040452614808693,0.8729421175443208,1.1868094721110893
12,1470,98825593,person,323.6568489074707,478.8457336425781,-7.732667446136475,-8.30334758758545,-0.450439320976134,-0.0756287960202259,0.4567442355070391
12,1471,98825826,person,323.2310485839844,479.0279541015625,-7.738141059875488,-8.284130096435547,-0.023491904459286145,0.08247850278928044,0.08575880711323805
12,1472,98825860,person,286.5851821899414,479.11956787109375,-8.688616752624512,-8.2744722366333,-27.955167433794806,0.28405470006606154,27.956610547849525
12,1473,98826093,person,232.64708137512207,479.4182434082031,-10.081344604492188,-8.243008613586426,-5.977372754796892,0.13503700878487124,5.978897895392573
12,1474,98826226,person,226.66618633270264,479.5663146972656,-10.231656074523926,-8.227422714233398,-1.130161428810062,0.11718721318065671,1.136220796369724
12,1475,98826360,person,227.6450595855713,479.3624267578125,-10.213353157043457,-8.248886108398438,0.13658893642140857,-0.16017458332118703,0.21050518923496275
40,1475,98826360,person,489.2172088623047,479.8790588378906,-3.399761438369751,-8.194528579711914,0.0,0.0,0.0
12,1476,98826593,person,232.8841896057129,479.52642822265625,-10.071415901184082,-8.231620788574219,0.609172771928648,0.0741000850824839,0.613663009043615
40,1476,98826593,person,493.0699157714844,479.723876953125,-3.303246021270752,-8.210845947265625,0.4142292579356181,-0.07003162040219287,0.4201074933705059
12,1477,98826826,person,241.51065254211426,479.5802917480469,-9.845314979553223,-8.2259521484375,0.9703902215916711,0.02432892762540236,0.9706951523934456
40,1477,98826826,person,498.90582275390625,479.8517761230469,-3.1486780643463135,-8.197397232055664,0.6633817893752724,0.05771980776807269,0.6658881097328
12,1478,98826860,person,243.96979904174805,479.12445068359375,-9.797032356262207,-8.273958206176758,1.4200771556181064,-1.4119428746840532,2.002548828188586
40,1478,98826860,person,498.99839782714844,479.96246337890625,-3.1437525749206543,-8.185762405395508,0.1448673360487994,0.34220078412224264,0.37160183221797155
12,1479,98827093,person,244.76342582702637,478.8983154296875,-9.784146308898926,-8.29780101776123,0.05530492430592811,-0.10232966345267235,0.11631850529826122
40,1479,98827093,person,498.5211181640625,479.5621337890625,-3.1652777194976807,-8.227862358093262,-0.09238259475118613,-0.18068649226503822,0.20293386188609724
12,1480,98827326,person,245.80941200256348,478.89874267578125,-9.756911277770996,-8.29775619506836,0.11688854561343213,0.00019237207240812768,0.1168887039137557
40,1480,98827326,person,500.30760192871094,479.6697692871094,-3.1163933277130127,-8.216537475585938,0.2098042565865578,0.048604645954181194,0.21536071528988168
12,1481,98827360,person,246.53393363952637,479.2541809082031,-9.725892066955566,-8.26028823852539,0.912329729865579,1.101998721852022,1.4306455602140211
40,1481,98827360,person,501.19972229003906,479.3984375,-3.099367141723633,-8.245094299316406,0.5007701761582318,-0.8399065803079043,0.9778618680437767
12,1482,98827493,person,245.55598831176758,479.3280334472656,-9.748797416687012,-8.252508163452148,-0.17222067467252114,0.05849680506197133,0.18188413066322373
40,1482,98827493,person,499.34645080566406,479.6107482910156,-3.1427173614501953,-8.222746849060059,-0.3259415017034774,0.16802594177705005,0.36670230384166197
12,1483,98827726,person,243.66156196594238,479.7354736328125,-9.784086227416992,-8.209626197814941,-0.1514541233046372,0.18404277097513747,0.23834867948906943
40,1483,98827726,person,498.30274963378906,479.674560546875,-3.168388843536377,-8.216033935546875,-0.11017803470464223,0.028810787610230013,0.11388266248248295
12,1484,98827860,person,243.12342643737793,479.9202575683594,-9.79173469543457,-8.190197944641113,-0.05707811953416511,0.14498696398379196,0.15581762241413463
40,1484,98827860,person,498.33799743652344,479.4803466796875,-3.1719040870666504,-8.236471176147461,-0.02623316067368237,-0.15251672089989504,0.1547563532556506
12,1485,98827993,person,244.74464797973633,479.48944091796875,-9.764366149902344,-8.235513687133789,0.20577853783628994,-0.3407198683659833,0.39803873597097855
40,1485,98827993,person,499.69720458984375,479.6758728027344,-3.1321184635162354,-8.215895652770996,0.2991400266948499,0.15470318328169055,0.3367756382051467
12,1486,98828226,person,247.38897132873535,479.1758728027344,-9.706330299377441,-8.268538475036621,0.2490809035403534,-0.14173728713661815,0.2865846385857535
40,1486,98828226,person,502.88633728027344,479.4407958984375,-3.054553985595703,-8.24063491821289,0.33289475502374344,-0.10617710490083489,0.3494173658069116
12,1487,98828260,person,249.0896110534668,479.48828125,-9.651449203491211,-8.235635757446289,1.6141498790067783,0.967726987950942,1.8820136437088333
40,1487,98828260,person,500.4735107421875,479.48095703125,-3.11637282371521,-8.236406326293945,-1.8182011211619655,0.12437035055721507,1.822449807564629
12,1488,98828493,person,253.28712844848633,478.8714294433594,-9.563241004943848,-8.300637245178223,0.3785759594307437,-0.27897634219713985,0.4702632843042329
40,1488,98828493,person,506.9618225097656,479.4699401855469,-2.9479408264160156,-8.237565994262695,0.7228841085802331,-0.004977115745708154,0.7229012423000699
12,1489,98828726,person,255.95921897888184,479.1831359863281,-9.483163833618164,-8.267773628234863,0.34367884689134587,0.14104556628051232,0.37149562792576113
40,1489,98828726,person,507.03143310546875,479.68084716796875,-2.9414005279541016,-8.215372085571289,0.02806995048031786,0.09525282700174356,0.09930268461522873
12,1490,98828760,person,253.31385231018066,478.92950439453125,-9.560574531555176,-8.294510841369629,-2.276785233441521,-0.7863886216107536,2.4087669176191002
40,1490,98828760,person,505.84765625,479.5064697265625,-2.9760851860046387,-8.233720779418945,-1.0201370014863855,-0.5396674661075367,1.1540885909567615
12,1491,98828993,person,266.8897304534912,479.4638366699219,-9.1895112991333,-8.238208770751953,1.592546061896459,0.24163978805869432,1.6107739588269272
40,1491,98828993,person,504.6276397705078,480.0,-2.996685028076172,-8.181818008422852,-0.08841133936280345,0.22275867380297745,0.2396622450082326
12,1492,98829126,person,272.54605865478516,479.3427734375,-9.046453475952148,-8.250956535339355,1.0756227306853559,-0.09584785404061912,1.0798847484297633
40,1492,98829126,person,503.9796600341797,479.78009033203125,-3.018472194671631,-8.204934120178223,-0.16381328267262393,-0.17380535154414356,0.238836956531782
12,1493,98829260,person,319.8041076660156,479.286376953125,-7.819315433502197,-8.256896018981934,9.157746585447397,-0.04432450479535914,9.157853852568232
12,1494,98829493,person,303.13283348083496,477.8399963378906,-8.298757553100586,-8.409636497497559,-2.0576915004222687,-0.655538534401824,2.159589100036333
12,1495,98829726,person,323.5170726776123,478.7901916503906,-7.738015174865723,-8.309207916259766,2.4066196490766663,0.43102395381027026,2.4449130422328182
12,1496,98829760,person,327.2642021179199,478.624267578125,-7.645563125610352,-8.32672119140625,2.7191779192756202,-0.5150963278377757,2.7675355072027625
12,1497,98829993,person,328.5298042297363,479.08306884765625,-7.598596572875977,-8.278319358825684,0.20157318770118024,0.20773318704105753,0.28945608820380725
12,1498,98830226,person,313.68988513946533,479.2899169921875,-7.978212833404541,-8.256523132324219,-1.6292543370324655,0.09354603648697357,1.6319376690552616
12,1499,98830260,person,325.58025550842285,479.26190185546875,-7.669849872589111,-8.259474754333496,9.069498847512637,-0.08681241203756893,9.069914318223566
12,1500,98830493,person,303.59202575683594,479.2710876464844,-8.241412162780762,-8.258506774902344,-2.4530570394491433,0.004154418159452119,2.453060557340817
12,1501,98830726,person,276.07720470428467,479.25946044921875,-8.957368850708008,-8.25973129272461,-3.072775484666292,-0.00525544129727736,3.072779978916387
40,1501,98830726,person,489.0469055175781,479.9161682128906,-3.403324842453003,-8.190628051757812,-0.24053290486335754,0.008941292762756348,0.24069903414487215
12,1502,98830860,person,262.35358905792236,479.8151550292969,-9.295693397521973,-8.201247215270996,-2.524810050850484,0.43644833920606924,2.562255441143868
40,1502,98830860,person,494.4987487792969,479.8526306152344,-3.263157367706299,-8.197307586669922,1.0460259309455529,-0.049847275463502795,1.04721296739567
12,1503,98830993,person,270.9498805999756,479.9814758300781,-9.066847801208496,-8.183764457702637,1.720643581304335,0.13144930502525845,1.7256573395884338
40,1503,98830993,person,492.54937744140625,479.7367248535156,-3.316476583480835,-8.209494590759277,-0.4008963592070386,-0.09163160969440201,0.4112350212720776
12,1504,98831226,person,266.3873863220215,479.9698791503906,-9.18574333190918,-8.184983253479004,-0.5102812476424188,-0.005230883160374195,0.5103080577789665
40,1504,98831226,person,514.9880981445312,480.0,-2.7275819778442383,-8.181818008422852,2.527444659384535,0.11878361517779304,2.5302343870649837
12,1505,98831260,person,312.852783203125,479.654052734375,-7.988625526428223,-8.218191146850586,35.20934722002814,-0.9767027462230008,35.22289141900453
40,1505,98831260,person,519.1337738037109,480.0,-2.619901657104492,-8.181818008422852,3.1670682570513553,0.0,3.1670682570513553
12,1506,98831493,person,319.70753479003906,478.77301025390625,-7.837703704833984,-8.311020851135254,0.6477331398894346,-0.3984107480028668,0.7604533809742907
40,1506,98831493,person,520.2025756835938,480.0,-2.5921409130096436,-8.181818008422852,0.11914482444141043,0.0,0.11914482444141043
12,1507,98831726,person,325.9559326171875,476.62109375,-7.741311073303223,-8.538951873779297,0.41370228124790437,-0.9782447323778668,1.0621263267308483
40,1507,98831726,person,501.5094757080078,480.0,-3.077676296234131,-8.181818008422852,-2.083842846457027,0.0,2.083842846457027
12,1508,98831760,person,330.1415100097656,478.6882629394531,-7.568697452545166,-8.319965362548828,5.076871198766371,6.44077974207261,8.201113635034964
40,1508,98831760,person,523.2667388916016,480.0,-2.5125527381896973,-8.181818008422852,16.621281118953927,0.0,16.621281118953927
12,1509,98831893,person,324.4472885131836,477.56072998046875,-7.751673698425293,-8.439215660095215,-1.3757612472189995,-0.896618778544261,1.6421462308173957
40,1509,98831893,person,525.4085083007812,480.0,-2.4569218158721924,-8.181818008422852,0.4182776114098111,0.0,0.4182776114098111
12,1510,98832126,person,325.560791015625,472.4640808105469,-7.881105899810791,-8.984137535095215,-0.555503010238189,-2.3387204935622314,2.403788081631086
40,1510,98832126,person,498.8363952636719,480.0,-3.147106647491455,-8.181818008422852,-2.96216665931014,0.0,2.96216665931014
12,1511,98832160,person,315.7799377441406,463.6027526855469,-8.424968719482422,-9.955138206481934,-15.99596528445973,-28.558843276079962,32.73344519981571
40,1511,98832160,person,494.8404235839844,479.7294921875,-3.257107973098755,-8.21025562286377,-3.2353331060970527,-0.8364004247328813,3.3416980680338173
12,1512,98832393,person,311.453125,476.0309143066406,-8.138871192932129,-8.601762771606445,1.2278863800441757,5.808478261268189,5.936844673218521
40,1512,98832393,person,515.0912017822266,480.0,-2.7249042987823486,-8.181818008422852,2.2841359412721296,0.12204984738591403,2.2873944048760024
12,1513,98832626,person,315.9603958129883,468.89013671875,-8.248188972473145,-9.37210464477539,-0.46917501948933743,-3.306188296862426,3.3393122425467925
40,1513,98832626,person,499.9342956542969,479.43133544921875,-3.1315202713012695,-8.241630554199219,-1.745132929265755,-0.2567062050487862,1.7639124174737881
12,1514,98832660,person,334.76485443115234,475.417236328125,-7.547956943511963,-8.667211532592773,20.59505967532887,20.732150358312268,29.22291124289339
40,1514,98832660,person,507.5858154296875,479.4183044433594,-2.932875871658325,-8.243002891540527,5.8424823424395385,-0.04036286297966452,5.842621764450075
12,1515,98832893,person,312.2215690612793,478.7507629394531,-8.033254623413086,-8.313368797302246,-2.082822660519841,1.5186383488863833,2.577675827151915
12,1516,98833126,person,296.8071804046631,478.8060607910156,-8.432726860046387,-8.307533264160156,-1.7144731185978572,0.025045206618411347,1.7146560403676363
12,1517,98833160,person,326.7714557647705,478.6138916015625,-7.65871000289917,-8.327816009521484,22.76520168080049,-0.5965513341567095,22.77301651213132
12,1518,98833293,person,347.5661315917969,478.4532775878906,-7.122062683105469,-8.344779014587402,4.034942254087978,-0.12754139147306742,4.036957493009242
12,1519,98833526,person,332.0072937011719,478.28460693359375,-7.532407760620117,-8.362603187561035,-1.7611376717366884,-0.07649859645335971,1.7627983248430485
12,1520,98833560,person,326.36453342437744,479.2049560546875,-7.651195526123047,-8.265474319458008,-3.4937578089096966,2.856731414794922,4.513009860790654
12,1521,98833793,person,323.43218421936035,479.2131042480469,-7.727214813232422,-8.264615058898926,-0.3262630348041845,0.0036878135582919793,0.3262838761699346
12,1522,98834026,person,324.58956146240234,479.4931640625,-7.6885223388671875,-8.235121726989746,0.16606212173920332,0.126580823644548,0.20880453345427666
12,1523,98834160,person,322.1470594406128,479.6083679199219,-7.748476028442383,-8.222997665405273,-0.4474155938447411,0.09047807152591535,0.4564723376531058
12,1524,98834393,person,322.55506801605225,479.36553955078125,-7.745338439941406,-8.24855899810791,0.013466045068568936,-0.10970529056925629,0.1105286621138322
12,1525,98834526,person,323.018892288208,479.6029052734375,-7.725983619689941,-8.223572731018066,0.14552496429672815,0.18786666984844924,0.23763712015068317
12,1526,98834660,person,319.17969512939453,479.41180419921875,-7.831676483154297,-8.24368667602539,-0.7887527124205631,-0.15010406721883746,0.8029085080794902
12,1527,98834893,person,317.86435890197754,479.62225341796875,-7.859361171722412,-8.221536636352539,-0.1188184058717392,0.09506454795215262,0.15216793963003006
12,1528,98835126,person,313.198992729187,479.0753479003906,-7.997673511505127,-8.279133796691895,-0.5936151922004929,-0.24719811304444406,0.6430286957080235
12,1529,98835160,person,314.5753564834595,478.8759460449219,-7.968080997467041,-8.30016040802002,0.870368059943704,-0.6184297449448529,1.0677059095100687
12,1530,98835393,person,310.9415044784546,479.70166015625,-8.036811828613281,-8.213183403015137,-0.2949821079237778,0.37329186697374594,0.47577438134466654
12,1531,98835526,person,316.0826110839844,479.8136901855469,-7.899733066558838,-8.201401710510254,1.0306673838679952,0.08858415417205122,1.0344672099876706
12,1532,98835660,person,317.20844078063965,480.0,-7.864716053009033,-8.181818008422852,0.2613209966403335,0.14614703050300257,0.2994121203457581
12,1533,98835793,person,316.159236907959,479.968017578125,-7.892958641052246,-8.185178756713867,-0.21235028603919465,-0.025268784142974624,0.21384844033331651
12,1534,98836026,person,316.2811107635498,479.887451171875,-7.892289638519287,-8.193646430969238,0.0028712555062617353,-0.036341949593867356,0.0364551972764575
12,1535,98836160,person,316.97655963897705,479.7767028808594,-7.877651214599609,-8.205290794372559,0.10924196954983383,-0.08689823435313665,0.13958907924626296
12,1536,98836293,person,317.04038429260254,479.5665283203125,-7.882503986358643,-8.227399826049805,-0.036487005707016566,-0.16623332088154957,0.17019053603761897
12,1537,98836526,person,318.5619411468506,479.69671630859375,-7.83892822265625,-8.213703155517578,0.18702044507464624,0.058783993700543186,0.1960413343948267
12,1538,98836560,person,319.80556297302246,479.601806640625,-7.809537887573242,-8.223688125610352,0.864421620088465,-0.2936755909639246,0.9129458308160331
12,1539,98836693,person,320.1794242858887,479.6694030761719,-7.797736167907715,-8.21657657623291,0.08873473432727326,0.053470296070988015,0.1035998341603445
